rate,scenario,model,mode,petits (<10),moyens (10-49),gros (≥50),OTHER
0.1,A,Label Propagation,standard,0.466,0.78,0.886,0.427
0.1,A,Label Propagation,équilibré,0.466,0.78,0.887,0.427
0.1,A,MLP,standard,0.088,0.297,0.651,0.267
0.1,A,MLP,équilibré,0.098,0.315,0.636,0.18
0.1,A,Majoritaire,standard,0.0,0.0,0.027,0.0
0.1,A,Majoritaire,équilibré,0.0,0.0,0.027,0.0
0.1,A,Node2Vec + LogReg,standard,0.0,0.04,0.394,0.185
0.1,A,Node2Vec + LogReg,équilibré,0.004,0.084,0.434,0.179
0.1,A,k-NN (coords),standard,0.413,0.69,0.837,0.367
0.1,A,k-NN (coords),équilibré,0.43,0.707,0.836,0.367
0.1,B,Label Propagation,standard,0.466,0.78,0.886,0.427
0.1,B,Label Propagation,équilibré,0.466,0.78,0.887,0.427
0.1,B,MLP,standard,0.001,0.008,0.115,0.116
0.1,B,MLP,équilibré,0.021,0.055,0.13,0.07
0.1,B,Majoritaire,standard,0.0,0.0,0.027,0.0
0.1,B,Majoritaire,équilibré,0.0,0.0,0.027,0.0
0.1,B,Node2Vec + LogReg,standard,0.0,0.04,0.394,0.185
0.1,B,Node2Vec + LogReg,équilibré,0.004,0.084,0.434,0.179
0.3,A,Label Propagation,standard,0.59,0.861,0.921,0.565
0.3,A,Label Propagation,équilibré,0.59,0.861,0.921,0.565
0.3,A,MLP,standard,0.183,0.563,0.831,0.359
0.3,A,MLP,équilibré,0.257,0.569,0.79,0.088
0.3,A,Majoritaire,standard,0.0,0.0,0.027,0.0
0.3,A,Majoritaire,équilibré,0.0,0.0,0.027,0.0
0.3,A,Node2Vec + LogReg,standard,0.002,0.148,0.528,0.207
0.3,A,Node2Vec + LogReg,équilibré,0.015,0.241,0.562,0.19
0.3,A,k-NN (coords),standard,0.565,0.794,0.897,0.485
0.3,A,k-NN (coords),équilibré,0.561,0.795,0.894,0.491
0.3,B,Label Propagation,standard,0.59,0.861,0.921,0.565
0.3,B,Label Propagation,équilibré,0.59,0.861,0.921,0.565
0.3,B,MLP,standard,0.001,0.009,0.118,0.121
0.3,B,MLP,équilibré,0.038,0.094,0.2,0.08
0.3,B,Majoritaire,standard,0.0,0.0,0.027,0.0
0.3,B,Majoritaire,équilibré,0.0,0.0,0.027,0.0
0.3,B,Node2Vec + LogReg,standard,0.002,0.148,0.528,0.207
0.3,B,Node2Vec + LogReg,équilibré,0.015,0.241,0.562,0.19
0.5,A,Label Propagation,standard,0.624,0.88,0.933,0.634
0.5,A,Label Propagation,équilibré,0.63,0.881,0.933,0.637
0.5,A,MLP,standard,0.176,0.604,0.85,0.417
0.5,A,MLP,équilibré,0.358,0.662,0.836,0.101
0.5,A,Majoritaire,standard,0.0,0.0,0.027,0.0
0.5,A,Majoritaire,équilibré,0.0,0.0,0.027,0.0
0.5,A,Node2Vec + LogReg,standard,0.006,0.22,0.567,0.205
0.5,A,Node2Vec + LogReg,équilibré,0.062,0.312,0.607,0.17
0.5,A,k-NN (coords),standard,0.615,0.819,0.905,0.555
0.5,A,k-NN (coords),équilibré,0.632,0.826,0.905,0.56
0.5,B,Label Propagation,standard,0.624,0.88,0.933,0.634
0.5,B,Label Propagation,équilibré,0.63,0.881,0.933,0.637
0.5,B,MLP,standard,0.001,0.028,0.2,0.195
0.5,B,MLP,équilibré,0.034,0.112,0.229,0.091
0.5,B,Majoritaire,standard,0.0,0.0,0.027,0.0
0.5,B,Majoritaire,équilibré,0.0,0.0,0.027,0.0
0.5,B,Node2Vec + LogReg,standard,0.006,0.22,0.567,0.205
0.5,B,Node2Vec + LogReg,équilibré,0.062,0.312,0.607,0.17
