scenario,mode,model,rate,seed,selected,acc,f1_macro,f1 petits (<10),f1 moyens (10-49),f1 gros (≥50),f1 OTHER
A,standard,Majoritaire,0.1,0,-,0.1932367149758454,0.0032388663967611335,0.0,0.0,0.02699055330634278,0.0
A,équilibré,Majoritaire,0.1,0,-,0.1932367149758454,0.0032388663967611335,0.0,0.0,0.02699055330634278,0.0
B,standard,Majoritaire,0.1,0,-,0.1932367149758454,0.0032388663967611335,0.0,0.0,0.02699055330634278,0.0
B,équilibré,Majoritaire,0.1,0,-,0.1932367149758454,0.0032388663967611335,0.0,0.0,0.02699055330634278,0.0
A,standard,MLP,0.1,0,epochs=167,0.5414344109996284,0.2500759467631767,0.0958004056809204,0.2564529003649586,0.6303840338616297,0.27246376811594203
B,standard,MLP,0.1,0,epochs=54,0.18431809736157562,0.00518655531266932,0.0,0.0,0.04322129427224433,0.0
A,standard,k-NN (coords),0.1,0,"k=1,uniform",0.7774061687105165,0.6173087853853289,0.39669346568912456,0.7041159049399299,0.8314149609542842,0.3333333333333333
A,standard,Label Propagation,0.1,0,alpha=0.5,0.8431809736157563,0.7067042262390005,0.4436469049955892,0.8208211291529764,0.9060153101417753,0.4563758389261745
B,standard,Label Propagation,0.1,0,alpha=0.5,0.8431809736157563,0.7067042262390005,0.4436469049955892,0.8208211291529764,0.9060153101417753,0.4563758389261745
A,standard,Node2Vec + LogReg,0.1,0,C=0.1,0.36937941285767373,0.06397292467112434,0.0,0.016875790875790875,0.4389935639785612,0.2012012012012012
B,standard,Node2Vec + LogReg,0.1,0,C=0.1,0.36937941285767373,0.06397292467112434,0.0,0.016875790875790875,0.4389935639785612,0.2012012012012012
A,équilibré,MLP,0.1,0,epochs=194,0.5183946488294314,0.2861176472844177,0.1284347740446531,0.3021513738870667,0.6380211389959566,0.22727272727272727
B,équilibré,MLP,0.1,0,epochs=123,0.09921962095875139,0.046547614785511664,0.01571356317904283,0.04267416973410929,0.14173734345381545,0.104
A,équilibré,k-NN (coords),0.1,0,"k=1,uniform",0.7774061687105165,0.6173087853853289,0.39669346568912456,0.7041159049399299,0.8314149609542842,0.3333333333333333
A,équilibré,Label Propagation,0.1,0,alpha=0.5,0.8431809736157563,0.7067042262390005,0.4436469049955892,0.8208211291529764,0.9060153101417753,0.4563758389261745
B,équilibré,Label Propagation,0.1,0,alpha=0.5,0.8431809736157563,0.7067042262390005,0.4436469049955892,0.8208211291529764,0.9060153101417753,0.4563758389261745
A,équilibré,Node2Vec + LogReg,0.1,0,C=1.0,0.36826458565589,0.0970079793451816,0.013392857142857142,0.06411829040744814,0.4622783305612888,0.19838056680161945
B,équilibré,Node2Vec + LogReg,0.1,0,C=1.0,0.36826458565589,0.0970079793451816,0.013392857142857142,0.06411829040744814,0.4622783305612888,0.19838056680161945
A,standard,Majoritaire,0.1,1,-,0.1932367149758454,0.0032388663967611335,0.0,0.0,0.02699055330634278,0.0
A,équilibré,Majoritaire,0.1,1,-,0.1932367149758454,0.0032388663967611335,0.0,0.0,0.02699055330634278,0.0
B,standard,Majoritaire,0.1,1,-,0.1932367149758454,0.0032388663967611335,0.0,0.0,0.02699055330634278,0.0
B,équilibré,Majoritaire,0.1,1,-,0.1932367149758454,0.0032388663967611335,0.0,0.0,0.02699055330634278,0.0
A,standard,MLP,0.1,1,epochs=178,0.5440356744704571,0.27879091103632725,0.07632306929181928,0.32442225173077166,0.6140775092183985,0.22459893048128343
B,standard,MLP,0.1,1,epochs=224,0.21070234113712374,0.03619482602972761,0.0,0.022563137339352172,0.18487583744236594,0.16
A,standard,k-NN (coords),0.1,1,"k=1,uniform",0.7755481233742103,0.6404882014703136,0.44763461620079265,0.7178128494760398,0.8265598959085058,0.32608695652173914
A,standard,Label Propagation,0.1,1,alpha=0.5,0.8049052396878483,0.6885231211317456,0.46268150252525253,0.7859279395406795,0.8679140896535137,0.4054982817869416
B,standard,Label Propagation,0.1,1,alpha=0.5,0.8049052396878483,0.6885231211317456,0.46268150252525253,0.7859279395406795,0.8679140896535137,0.4054982817869416
A,standard,Node2Vec + LogReg,0.1,1,C=0.1,0.3511705685618729,0.06892364189414676,0.0,0.036512123023582845,0.39406681163869867,0.1553956834532374
B,standard,Node2Vec + LogReg,0.1,1,C=0.1,0.3511705685618729,0.06892364189414676,0.0,0.036512123023582845,0.39406681163869867,0.1553956834532374
A,équilibré,MLP,0.1,1,epochs=136,0.47268673355629875,0.2539657099222421,0.059935000016753115,0.2970146498055771,0.5861873306094577,0.1085972850678733
B,équilibré,MLP,0.1,1,epochs=315,0.10962467484206614,0.05748977938987383,0.010625197659709045,0.06442860109384196,0.1485054350318376,0.08333333333333333
A,équilibré,k-NN (coords),0.1,1,"k=1,uniform",0.7755481233742103,0.6404882014703136,0.44763461620079265,0.7178128494760398,0.8265598959085058,0.32608695652173914
A,équilibré,Label Propagation,0.1,1,alpha=0.5,0.8049052396878483,0.6885231211317456,0.46268150252525253,0.7859279395406795,0.8679140896535137,0.4054982817869416
B,équilibré,Label Propagation,0.1,1,alpha=0.5,0.8049052396878483,0.6885231211317456,0.46268150252525253,0.7859279395406795,0.8679140896535137,0.4054982817869416
A,équilibré,Node2Vec + LogReg,0.1,1,C=1.0,0.35154217762913414,0.09674336183614608,0.0,0.08430381686123392,0.40742296096742187,0.14855072463768115
B,équilibré,Node2Vec + LogReg,0.1,1,C=1.0,0.35154217762913414,0.09674336183614608,0.0,0.08430381686123392,0.40742296096742187,0.14855072463768115
A,standard,Majoritaire,0.1,2,-,0.1932367149758454,0.0032388663967611335,0.0,0.0,0.02699055330634278,0.0
A,équilibré,Majoritaire,0.1,2,-,0.1932367149758454,0.0032388663967611335,0.0,0.0,0.02699055330634278,0.0
B,standard,Majoritaire,0.1,2,-,0.1932367149758454,0.0032388663967611335,0.0,0.0,0.02699055330634278,0.0
B,équilibré,Majoritaire,0.1,2,-,0.1932367149758454,0.0032388663967611335,0.0,0.0,0.02699055330634278,0.0
A,standard,MLP,0.1,2,epochs=212,0.5971757710888146,0.30156737564708364,0.10226062584758237,0.33388068567963053,0.6825885764991296,0.32989690721649484
B,standard,MLP,0.1,2,epochs=112,0.19843924191750278,0.011847312123322067,0.0,0.0010695187165775401,0.09382564024337019,0.0
A,standard,k-NN (coords),0.1,2,"k=3,distance",0.788926049795615,0.6141668003634547,0.37752940992830697,0.7066258577946433,0.8399881387667621,0.3914590747330961
A,standard,Label Propagation,0.1,2,alpha=0.7,0.7922705314009661,0.6180753724007633,0.4021435570148806,0.6921247170184126,0.8704378926078976,0.4268292682926829
B,standard,Label Propagation,0.1,2,alpha=0.7,0.7922705314009661,0.6180753724007633,0.4021435570148806,0.6921247170184126,0.8704378926078976,0.4268292682926829
A,standard,Node2Vec + LogReg,0.1,2,C=0.1,0.3556298773690078,0.06850668437340833,0.0,0.038838156479642595,0.3767697081355963,0.19333333333333333
B,standard,Node2Vec + LogReg,0.1,2,C=0.1,0.3556298773690078,0.06850668437340833,0.0,0.038838156479642595,0.3767697081355963,0.19333333333333333
A,équilibré,MLP,0.1,2,epochs=246,0.5470085470085471,0.2947144725522895,0.09591010866649412,0.3307584430499652,0.662798441475271,0.2570281124497992
B,équilibré,MLP,0.1,2,epochs=174,0.08286882199925678,0.04554893751585595,0.026655256636224974,0.04363225804093419,0.10753795337852216,0.011695906432748537
A,équilibré,k-NN (coords),0.1,2,"k=1,uniform",0.7937569676700111,0.6393011523999217,0.4138073608323221,0.7310873182660416,0.8422122803470132,0.3719298245614035
A,équilibré,Label Propagation,0.1,2,alpha=0.7,0.7922705314009661,0.6180753724007633,0.4021435570148806,0.6921247170184126,0.8704378926078976,0.4268292682926829
B,équilibré,Label Propagation,0.1,2,alpha=0.7,0.7922705314009661,0.6180753724007633,0.4021435570148806,0.6921247170184126,0.8704378926078976,0.4268292682926829
A,équilibré,Node2Vec + LogReg,0.1,2,C=0.1,0.3890746934225195,0.104998643819402,0.0,0.09616276628925648,0.4196986611786917,0.17452830188679244
B,équilibré,Node2Vec + LogReg,0.1,2,C=0.1,0.3890746934225195,0.104998643819402,0.0,0.09616276628925648,0.4196986611786917,0.17452830188679244
A,standard,Majoritaire,0.1,3,-,0.1932367149758454,0.0032388663967611335,0.0,0.0,0.02699055330634278,0.0
A,équilibré,Majoritaire,0.1,3,-,0.1932367149758454,0.0032388663967611335,0.0,0.0,0.02699055330634278,0.0
B,standard,Majoritaire,0.1,3,-,0.1932367149758454,0.0032388663967611335,0.0,0.0,0.02699055330634278,0.0
B,équilibré,Majoritaire,0.1,3,-,0.1932367149758454,0.0032388663967611335,0.0,0.0,0.02699055330634278,0.0
A,standard,MLP,0.1,3,epochs=169,0.5481233742103307,0.2486098427061598,0.06606449106449105,0.27269188504850567,0.6223014065737046,0.28125
B,standard,MLP,0.1,3,epochs=145,0.2103307320698625,0.024907033127638277,0.004464285714285714,0.012508370748033534,0.12029262581324938,0.21637426900584794
A,standard,k-NN (coords),0.1,3,"k=3,distance",0.7722036417688591,0.5968250241077068,0.4047311348781937,0.6555942931151898,0.85820166444442,0.375
A,standard,Label Propagation,0.1,3,alpha=0.7,0.824228911185433,0.699092531487096,0.4847763028272896,0.7882581015081273,0.8855654673522534,0.41543026706231456
B,standard,Label Propagation,0.1,3,alpha=0.7,0.824228911185433,0.699092531487096,0.4847763028272896,0.7882581015081273,0.8855654673522534,0.41543026706231456
A,standard,Node2Vec + LogReg,0.1,3,C=0.1,0.36231884057971014,0.07337751661069765,0.0,0.04635995677374987,0.3834645091831758,0.1863799283154122
B,standard,Node2Vec + LogReg,0.1,3,C=0.1,0.36231884057971014,0.07337751661069765,0.0,0.04635995677374987,0.3834645091831758,0.1863799283154122
A,équilibré,MLP,0.1,3,epochs=190,0.5254552211073951,0.2710759609260478,0.08756324085271454,0.2985025849980109,0.6460662562743483,0.13513513513513514
B,équilibré,MLP,0.1,3,epochs=178,0.0821256038647343,0.04490104697574896,0.017828907686403904,0.04858031102352304,0.10306608167490101,0.010869565217391304
A,équilibré,k-NN (coords),0.1,3,"k=1,uniform",0.7930137495354886,0.6263395488387006,0.4357535846506435,0.6909041823285933,0.8587692018242427,0.3848797250859107
A,équilibré,Label Propagation,0.1,3,alpha=0.7,0.824228911185433,0.699092531487096,0.4847763028272896,0.7882581015081273,0.8855654673522534,0.41543026706231456
B,équilibré,Label Propagation,0.1,3,alpha=0.7,0.824228911185433,0.699092531487096,0.4847763028272896,0.7882581015081273,0.8855654673522534,0.41543026706231456
A,équilibré,Node2Vec + LogReg,0.1,3,C=0.1,0.39539204756596064,0.10597446751940959,0.0,0.09430231910660464,0.4341150293464035,0.2014388489208633
B,équilibré,Node2Vec + LogReg,0.1,3,C=0.1,0.39539204756596064,0.10597446751940959,0.0,0.09430231910660464,0.4341150293464035,0.2014388489208633
A,standard,Majoritaire,0.1,4,-,0.1932367149758454,0.0032388663967611335,0.0,0.0,0.02699055330634278,0.0
A,équilibré,Majoritaire,0.1,4,-,0.1932367149758454,0.0032388663967611335,0.0,0.0,0.02699055330634278,0.0
B,standard,Majoritaire,0.1,4,-,0.1932367149758454,0.0032388663967611335,0.0,0.0,0.02699055330634278,0.0
B,équilibré,Majoritaire,0.1,4,-,0.1932367149758454,0.0032388663967611335,0.0,0.0,0.02699055330634278,0.0
A,standard,MLP,0.1,4,epochs=158,0.5752508361204013,0.27031269166447724,0.08227270074696545,0.2864560873101813,0.6987145576461576,0.25888324873096447
B,standard,MLP,0.1,4,epochs=119,0.1939799331103679,0.014889379662406183,0.0,0.0022263450834879408,0.09648646559647396,0.20865139949109415
A,standard,k-NN (coords),0.1,4,"k=3,distance",0.7829803047194351,0.6029967763892933,0.3793145375865964,0.6834223610240462,0.8499020229957299,0.3745583038869258
A,standard,Label Propagation,0.1,4,alpha=0.5,0.8171683389074693,0.6823451233466686,0.4505330743817586,0.7775772338517076,0.8837465243350122,0.44574780058651026
B,standard,Label Propagation,0.1,4,alpha=0.5,0.8171683389074693,0.6823451233466686,0.4505330743817586,0.7775772338517076,0.8837465243350122,0.44574780058651026
A,standard,Node2Vec + LogReg,0.1,4,C=0.1,0.3511705685618729,0.0658944663335658,0.0,0.031007546348421365,0.3921216796351647,0.17857142857142858
B,standard,Node2Vec + LogReg,0.1,4,C=0.1,0.3511705685618729,0.0658944663335658,0.0,0.031007546348421365,0.3921216796351647,0.17857142857142858
A,équilibré,MLP,0.1,4,epochs=274,0.5670754366406541,0.29811250915578624,0.0839265385027769,0.3399749318758307,0.6850809872190075,0.20600858369098712
B,équilibré,MLP,0.1,4,epochs=213,0.0802675585284281,0.04549419407050943,0.01047391141141141,0.0510374727079431,0.11140345701291149,0.07035175879396985
A,équilibré,k-NN (coords),0.1,4,"k=1,uniform",0.7807506503158677,0.6219769822104344,0.441298029992883,0.6824713187565363,0.8462799170479817,0.3848797250859107
A,équilibré,Label Propagation,0.1,4,alpha=0.5,0.8171683389074693,0.6823451233466686,0.4505330743817586,0.7775772338517076,0.8837465243350122,0.44574780058651026
B,équilibré,Label Propagation,0.1,4,alpha=0.5,0.8171683389074693,0.6823451233466686,0.4505330743817586,0.7775772338517076,0.8837465243350122,0.44574780058651026
A,équilibré,Node2Vec + LogReg,0.1,4,C=0.1,0.38387216648086214,0.09088336666055843,0.0,0.06432133837685894,0.44703419030916475,0.18625277161862527
B,équilibré,Node2Vec + LogReg,0.1,4,C=0.1,0.38387216648086214,0.09088336666055843,0.0,0.06432133837685894,0.44703419030916475,0.18625277161862527
A,standard,Majoritaire,0.1,5,-,0.1932367149758454,0.0032388663967611335,0.0,0.0,0.02699055330634278,0.0
A,équilibré,Majoritaire,0.1,5,-,0.1932367149758454,0.0032388663967611335,0.0,0.0,0.02699055330634278,0.0
B,standard,Majoritaire,0.1,5,-,0.1932367149758454,0.0032388663967611335,0.0,0.0,0.02699055330634278,0.0
B,équilibré,Majoritaire,0.1,5,-,0.1932367149758454,0.0032388663967611335,0.0,0.0,0.02699055330634278,0.0
A,standard,MLP,0.1,5,epochs=292,0.5867707172054998,0.3184901247061567,0.12710186100131754,0.348166938548324,0.7004415475952473,0.22727272727272727
B,standard,MLP,0.1,5,epochs=178,0.22853957636566333,0.02728487765884105,0.0,0.01276888187599371,0.15105058580789518,0.21359223300970873
A,standard,k-NN (coords),0.1,5,"k=1,uniform",0.7785209959123003,0.6332317134526574,0.4511823246198246,0.7050335792107616,0.8147012190951117,0.3320754716981132
A,standard,Label Propagation,0.1,5,alpha=0.5,0.8279450018580453,0.7093710046302211,0.482800905986858,0.8064351602487289,0.8933938558218492,0.4128113879003559
B,standard,Label Propagation,0.1,5,alpha=0.5,0.8279450018580453,0.7093710046302211,0.482800905986858,0.8064351602487289,0.8933938558218492,0.4128113879003559
A,standard,Node2Vec + LogReg,0.1,5,C=0.1,0.35600148643626905,0.07248997311163154,0.0,0.049247329609990384,0.36143342910266424,0.20319303338171263
B,standard,Node2Vec + LogReg,0.1,5,C=0.1,0.35600148643626905,0.07248997311163154,0.0,0.049247329609990384,0.36143342910266424,0.20319303338171263
A,équilibré,MLP,0.1,5,epochs=214,0.5243403939056113,0.30277104364861707,0.11735334977522477,0.3465068656258977,0.6128722355259776,0.10945273631840796
B,équilibré,MLP,0.1,5,epochs=219,0.11073950204384987,0.06509268826491063,0.021537609383368107,0.07315642863204805,0.14522485921670217,0.053763440860215055
A,équilibré,k-NN (coords),0.1,5,"k=1,uniform",0.7785209959123003,0.6332317134526574,0.4511823246198246,0.7050335792107616,0.8147012190951117,0.3320754716981132
A,équilibré,Label Propagation,0.1,5,alpha=0.5,0.8279450018580453,0.7093710046302211,0.482800905986858,0.8064351602487289,0.8933938558218492,0.4128113879003559
B,équilibré,Label Propagation,0.1,5,alpha=0.5,0.8279450018580453,0.7093710046302211,0.482800905986858,0.8064351602487289,0.8933938558218492,0.4128113879003559
A,équilibré,Node2Vec + LogReg,0.1,5,C=1.0,0.3474544778892605,0.10198208023895033,0.006944444444444444,0.08976962981498791,0.40375898122930837,0.1935483870967742
B,équilibré,Node2Vec + LogReg,0.1,5,C=1.0,0.3474544778892605,0.10198208023895033,0.006944444444444444,0.08976962981498791,0.40375898122930837,0.1935483870967742
A,standard,Majoritaire,0.1,6,-,0.1932367149758454,0.0032388663967611335,0.0,0.0,0.02699055330634278,0.0
A,équilibré,Majoritaire,0.1,6,-,0.1932367149758454,0.0032388663967611335,0.0,0.0,0.02699055330634278,0.0
B,standard,Majoritaire,0.1,6,-,0.1932367149758454,0.0032388663967611335,0.0,0.0,0.02699055330634278,0.0
B,équilibré,Majoritaire,0.1,6,-,0.1932367149758454,0.0032388663967611335,0.0,0.0,0.02699055330634278,0.0
A,standard,MLP,0.1,6,epochs=187,0.5522110739502044,0.2853777233131473,0.11343933843933843,0.30789363139712783,0.6424510692514707,0.2641509433962264
B,standard,MLP,0.1,6,epochs=218,0.21887774061687104,0.039479313979031726,0.004464285714285714,0.028622125089074673,0.16761846987248386,0.219435736677116
A,standard,k-NN (coords),0.1,6,"k=5,distance",0.7881828316610925,0.6049328782143025,0.40106646825396824,0.675594067096152,0.8416593619887746,0.4015748031496063
A,standard,Label Propagation,0.1,6,alpha=0.5,0.8264585655890003,0.6978373867465679,0.44702168048240026,0.8048290676035119,0.8955990426929302,0.4662576687116564
B,standard,Label Propagation,0.1,6,alpha=0.5,0.8264585655890003,0.6978373867465679,0.44702168048240026,0.8048290676035119,0.8955990426929302,0.4662576687116564
A,standard,Node2Vec + LogReg,0.1,6,C=0.1,0.3418803418803419,0.06311918227789858,0.0,0.02930266226684337,0.3778484864762958,0.16608996539792387
B,standard,Node2Vec + LogReg,0.1,6,C=0.1,0.3418803418803419,0.06311918227789858,0.0,0.02930266226684337,0.3778484864762958,0.16608996539792387
A,équilibré,MLP,0.1,6,epochs=149,0.5117056856187291,0.2667488942698405,0.1163327818015318,0.28992413174962794,0.5709853159270685,0.15458937198067632
B,équilibré,MLP,0.1,6,epochs=398,0.11594202898550725,0.07655395240427197,0.051014988860999685,0.0692354416854919,0.17267576344300065,0.14285714285714285
A,équilibré,k-NN (coords),0.1,6,"k=1,uniform",0.7974730583426236,0.6425759704444323,0.4274721191154047,0.72885853787052,0.8396058041559714,0.416
A,équilibré,Label Propagation,0.1,6,alpha=0.5,0.8264585655890003,0.6978373867465679,0.44702168048240026,0.8048290676035119,0.8955990426929302,0.4662576687116564
B,équilibré,Label Propagation,0.1,6,alpha=0.5,0.8264585655890003,0.6978373867465679,0.44702168048240026,0.8048290676035119,0.8955990426929302,0.4662576687116564
A,équilibré,Node2Vec + LogReg,0.1,6,C=1.0,0.3392790784095132,0.09378525284870495,0.02142857142857143,0.06231732805932754,0.42930614544723994,0.11368421052631579
B,équilibré,Node2Vec + LogReg,0.1,6,C=1.0,0.3392790784095132,0.09378525284870495,0.02142857142857143,0.06231732805932754,0.42930614544723994,0.11368421052631579
A,standard,Majoritaire,0.1,7,-,0.1932367149758454,0.0032388663967611335,0.0,0.0,0.02699055330634278,0.0
A,équilibré,Majoritaire,0.1,7,-,0.1932367149758454,0.0032388663967611335,0.0,0.0,0.02699055330634278,0.0
B,standard,Majoritaire,0.1,7,-,0.1932367149758454,0.0032388663967611335,0.0,0.0,0.02699055330634278,0.0
B,équilibré,Majoritaire,0.1,7,-,0.1932367149758454,0.0032388663967611335,0.0,0.0,0.02699055330634278,0.0
A,standard,MLP,0.1,7,epochs=126,0.5503530286138982,0.2624077086573218,0.0777595029239766,0.2841848428007592,0.6541310954496591,0.2727272727272727
B,standard,MLP,0.1,7,epochs=78,0.2014121144555927,0.013194237479835674,0.0,0.0,0.10100888956773629,0.1073170731707317
A,standard,k-NN (coords),0.1,7,"k=1,uniform",0.7777777777777778,0.6340112476177332,0.4652530527070968,0.6930840697263831,0.8309654215314136,0.4218181818181818
A,standard,Label Propagation,0.1,7,alpha=0.7,0.8342623560014865,0.7175552380441114,0.5374918849425429,0.7909469045729809,0.8853513796040525,0.42948717948717946
B,standard,Label Propagation,0.1,7,alpha=0.7,0.8342623560014865,0.7175552380441114,0.5374918849425429,0.7909469045729809,0.8853513796040525,0.42948717948717946
A,standard,Node2Vec + LogReg,0.1,7,C=0.1,0.3493125232255667,0.06393558238028013,0.0,0.029662165143143838,0.3801021594288308,0.2009132420091324
B,standard,Node2Vec + LogReg,0.1,7,C=0.1,0.3493125232255667,0.06393558238028013,0.0,0.029662165143143838,0.3801021594288308,0.2009132420091324
A,équilibré,MLP,0.1,7,epochs=183,0.5418060200668896,0.28239865880160414,0.10012829949870392,0.3022079307084842,0.6865093877908968,0.1762114537444934
B,équilibré,MLP,0.1,7,epochs=346,0.11445559271646229,0.071978479874307,0.027945860396510216,0.07814232602808689,0.16059582525918822,0.07860262008733625
A,équilibré,k-NN (coords),0.1,7,"k=1,uniform",0.7777777777777778,0.6340112476177332,0.4652530527070968,0.6930840697263831,0.8309654215314136,0.4218181818181818
A,équilibré,Label Propagation,0.1,7,alpha=0.5,0.8357487922705314,0.7174914645421494,0.5453173927680507,0.7849135942873278,0.8911632992615525,0.43478260869565216
B,équilibré,Label Propagation,0.1,7,alpha=0.5,0.8357487922705314,0.7174914645421494,0.5453173927680507,0.7849135942873278,0.8911632992615525,0.43478260869565216
A,équilibré,Node2Vec + LogReg,0.1,7,C=0.1,0.38461538461538464,0.11010315337805357,0.0,0.10458161457850948,0.42256887799894466,0.1875
B,équilibré,Node2Vec + LogReg,0.1,7,C=0.1,0.38461538461538464,0.11010315337805357,0.0,0.10458161457850948,0.42256887799894466,0.1875
A,standard,Majoritaire,0.1,8,-,0.1932367149758454,0.0032388663967611335,0.0,0.0,0.02699055330634278,0.0
A,équilibré,Majoritaire,0.1,8,-,0.1932367149758454,0.0032388663967611335,0.0,0.0,0.02699055330634278,0.0
B,standard,Majoritaire,0.1,8,-,0.1932367149758454,0.0032388663967611335,0.0,0.0,0.02699055330634278,0.0
B,équilibré,Majoritaire,0.1,8,-,0.1932367149758454,0.0032388663967611335,0.0,0.0,0.02699055330634278,0.0
A,standard,MLP,0.1,8,epochs=147,0.5756224451876626,0.26014551168588373,0.07407063422688423,0.27827749358517007,0.6727706662705596,0.26578073089701
B,standard,MLP,0.1,8,epochs=87,0.2028985507246377,0.01180521504341032,0.0,0.0015151515151515152,0.0914323475839749,0.0
A,standard,k-NN (coords),0.1,8,"k=5,distance",0.7696023782980305,0.5787556227240588,0.3763588430940405,0.6452062786369728,0.8350127144178535,0.32558139534883723
A,standard,Label Propagation,0.1,8,alpha=0.7,0.8179115570419918,0.6953818261545198,0.4744693172324751,0.7900848300583847,0.8748140362812512,0.40273037542662116
B,standard,Label Propagation,0.1,8,alpha=0.7,0.8179115570419918,0.6953818261545198,0.4744693172324751,0.7900848300583847,0.8748140362812512,0.40273037542662116
A,standard,Node2Vec + LogReg,0.1,8,C=0.1,0.3656633221850613,0.07065387630888971,0.0,0.040207508734154504,0.38863686035220707,0.1903323262839879
B,standard,Node2Vec + LogReg,0.1,8,C=0.1,0.3656633221850613,0.07065387630888971,0.0,0.040207508734154504,0.38863686035220707,0.1903323262839879
A,équilibré,MLP,0.1,8,epochs=316,0.5548123374210331,0.3165500612481722,0.11746911221415696,0.3588693767088098,0.6644161358162054,0.18518518518518517
B,équilibré,MLP,0.1,8,epochs=102,0.0650315867707172,0.026824720409048246,0.010852368611378978,0.021112499959163398,0.09297969336685369,0.05825242718446602
A,équilibré,k-NN (coords),0.1,8,"k=1,uniform",0.7722036417688591,0.6121164651215288,0.38763037257850663,0.7006356264038172,0.8298872103576697,0.31386861313868614
A,équilibré,Label Propagation,0.1,8,alpha=0.7,0.8179115570419918,0.6953818261545198,0.4744693172324751,0.7900848300583847,0.8748140362812512,0.40273037542662116
B,équilibré,Label Propagation,0.1,8,alpha=0.7,0.8179115570419918,0.6953818261545198,0.4744693172324751,0.7900848300583847,0.8748140362812512,0.40273037542662116
A,équilibré,Node2Vec + LogReg,0.1,8,C=1.0,0.3708658491267187,0.10091084140164598,0.0,0.08806557109979453,0.42309227994212734,0.17037037037037037
B,équilibré,Node2Vec + LogReg,0.1,8,C=1.0,0.3708658491267187,0.10091084140164598,0.0,0.08806557109979453,0.42309227994212734,0.17037037037037037
A,standard,Majoritaire,0.1,9,-,0.1932367149758454,0.0032388663967611335,0.0,0.0,0.02699055330634278,0.0
A,équilibré,Majoritaire,0.1,9,-,0.1932367149758454,0.0032388663967611335,0.0,0.0,0.02699055330634278,0.0
B,standard,Majoritaire,0.1,9,-,0.1932367149758454,0.0032388663967611335,0.0,0.0,0.02699055330634278,0.0
B,équilibré,Majoritaire,0.1,9,-,0.1932367149758454,0.0032388663967611335,0.0,0.0,0.02699055330634278,0.0
A,standard,MLP,0.1,9,epochs=176,0.5496098104793757,0.24994869442734818,0.06490654974110857,0.2817547938924365,0.5955696985844807,0.27450980392156865
B,standard,MLP,0.1,9,epochs=121,0.18357487922705315,0.013550668787238535,0.0,0.0024242424242424242,0.09885254890088656,0.03550295857988166
A,standard,k-NN (coords),0.1,9,"k=1,uniform",0.791898922333705,0.63700330360549,0.43310932472455305,0.7154425062812193,0.8418484288997511,0.3893129770992366
A,standard,Label Propagation,0.1,9,alpha=0.5,0.8186547751765143,0.6724655619538968,0.4713437604062604,0.7453416180050197,0.8970952162213844,0.4046242774566474
B,standard,Label Propagation,0.1,9,alpha=0.5,0.8186547751765143,0.6724655619538968,0.4713437604062604,0.7453416180050197,0.8970952162213844,0.4046242774566474
A,standard,Node2Vec + LogReg,0.1,9,C=1.0,0.3712374581939799,0.10065094644957318,0.0,0.08228973353413833,0.44715216393719787,0.17333333333333334
B,standard,Node2Vec + LogReg,0.1,9,C=1.0,0.3712374581939799,0.10065094644957318,0.0,0.08228973353413833,0.44715216393719787,0.17333333333333334
A,équilibré,MLP,0.1,9,epochs=167,0.5284280936454849,0.25435405875177813,0.07157926312817617,0.28403523348964066,0.6072203911095602,0.23628691983122363
B,équilibré,MLP,0.1,9,epochs=226,0.09327387588257154,0.05111518714523852,0.014716749445523031,0.05784085454705422,0.1145937671552786,0.08421052631578947
A,équilibré,k-NN (coords),0.1,9,"k=1,uniform",0.791898922333705,0.63700330360549,0.43310932472455305,0.7154425062812193,0.8418484288997511,0.3893129770992366
A,équilibré,Label Propagation,0.1,9,alpha=0.5,0.8186547751765143,0.6724655619538968,0.4713437604062604,0.7453416180050197,0.8970952162213844,0.4046242774566474
B,équilibré,Label Propagation,0.1,9,alpha=0.5,0.8186547751765143,0.6724655619538968,0.4713437604062604,0.7453416180050197,0.8970952162213844,0.4046242774566474
A,équilibré,Node2Vec + LogReg,0.1,9,C=0.1,0.41322928279450016,0.11320802571321305,0.0,0.09551393056998711,0.48785472599196694,0.21327967806841047
B,équilibré,Node2Vec + LogReg,0.1,9,C=0.1,0.41322928279450016,0.11320802571321305,0.0,0.09551393056998711,0.48785472599196694,0.21327967806841047
A,standard,Majoritaire,0.3,0,-,0.19326065411298315,0.003239202657807309,0.0,0.0,0.026993355481727575,0.0
A,équilibré,Majoritaire,0.3,0,-,0.19326065411298315,0.003239202657807309,0.0,0.0,0.026993355481727575,0.0
B,standard,Majoritaire,0.3,0,-,0.19326065411298315,0.003239202657807309,0.0,0.0,0.026993355481727575,0.0
B,équilibré,Majoritaire,0.3,0,-,0.19326065411298315,0.003239202657807309,0.0,0.0,0.026993355481727575,0.0
A,standard,MLP,0.3,0,epochs=260,0.7155599603567889,0.42410742331717605,0.1705357142857143,0.4901379567198255,0.8037987087130828,0.3504273504273504
B,standard,MLP,0.3,0,epochs=59,0.1863230921704658,0.004533085043184207,0.0,0.0,0.03777570869320172,0.0
A,standard,k-NN (coords),0.3,0,"k=5,distance",0.8399405351833499,0.7066593524348025,0.5331756784881785,0.7731637374371673,0.88540520235499,0.45544554455445546
A,standard,Label Propagation,0.3,0,alpha=0.5,0.8701684836471755,0.7832321023614957,0.5867481476856476,0.8691290069878993,0.9315542100603468,0.5665236051502146
B,standard,Label Propagation,0.3,0,alpha=0.5,0.8701684836471755,0.7832321023614957,0.5867481476856476,0.8691290069878993,0.9315542100603468,0.5665236051502146
A,standard,Node2Vec + LogReg,0.3,0,C=0.1,0.4692765113974232,0.15688072915885581,0.010416666666666666,0.15617173457660605,0.5451317111922065,0.22371364653243847
B,standard,Node2Vec + LogReg,0.3,0,C=0.1,0.4692765113974232,0.15688072915885581,0.010416666666666666,0.15617173457660605,0.5451317111922065,0.22371364653243847
A,équilibré,MLP,0.3,0,epochs=164,0.6778989098116948,0.470825226780298,0.27001488095238096,0.5270872692130821,0.7758668924335742,0.14184397163120568
B,équilibré,MLP,0.3,0,epochs=266,0.1402378592666006,0.08021813544932482,0.027584346734096456,0.08702796421239561,0.19151288742101302,0.05442176870748299
A,équilibré,k-NN (coords),0.3,0,"k=5,distance",0.8399405351833499,0.7066593524348025,0.5331756784881785,0.7731637374371673,0.88540520235499,0.45544554455445546
A,équilibré,Label Propagation,0.3,0,alpha=0.5,0.8701684836471755,0.7832321023614957,0.5867481476856476,0.8691290069878993,0.9315542100603468,0.5665236051502146
B,équilibré,Label Propagation,0.3,0,alpha=0.5,0.8701684836471755,0.7832321023614957,0.5867481476856476,0.8691290069878993,0.9315542100603468,0.5665236051502146
A,équilibré,Node2Vec + LogReg,0.3,0,C=0.1,0.48662041625371655,0.2021016447234395,0.025669642857142856,0.22307720935101125,0.5784902674169657,0.1776061776061776
B,équilibré,Node2Vec + LogReg,0.3,0,C=0.1,0.48662041625371655,0.2021016447234395,0.025669642857142856,0.22307720935101125,0.5784902674169657,0.1776061776061776
A,standard,Majoritaire,0.3,1,-,0.19326065411298315,0.003239202657807309,0.0,0.0,0.026993355481727575,0.0
A,équilibré,Majoritaire,0.3,1,-,0.19326065411298315,0.003239202657807309,0.0,0.0,0.026993355481727575,0.0
B,standard,Majoritaire,0.3,1,-,0.19326065411298315,0.003239202657807309,0.0,0.0,0.026993355481727575,0.0
B,équilibré,Majoritaire,0.3,1,-,0.19326065411298315,0.003239202657807309,0.0,0.0,0.026993355481727575,0.0
A,standard,MLP,0.3,1,epochs=283,0.7304261645193261,0.4662920962879994,0.2138640873015873,0.5356748810736153,0.8334049775782515,0.3225806451612903
B,standard,MLP,0.3,1,epochs=59,0.19474727452923687,0.006095587214257534,0.0,0.0,0.03656891784239002,0.17073170731707318
A,standard,k-NN (coords),0.3,1,"k=5,distance",0.8508424182358771,0.7391802639649491,0.6001132548007548,0.7905324925592658,0.8981885300194118,0.45685279187817257
A,standard,Label Propagation,0.3,1,alpha=0.7,0.8741328047571854,0.7843617002747624,0.5856646825396825,0.8736682494018825,0.9254963655381855,0.5371900826446281
B,standard,Label Propagation,0.3,1,alpha=0.7,0.8741328047571854,0.7843617002747624,0.5856646825396825,0.8736682494018825,0.9254963655381855,0.5371900826446281
A,standard,Node2Vec + LogReg,0.3,1,C=0.1,0.44350842418235875,0.14439880099648875,0.0,0.14784672801203397,0.5095181026652323,0.1940928270042194
B,standard,Node2Vec + LogReg,0.3,1,C=0.1,0.44350842418235875,0.14439880099648875,0.0,0.14784672801203397,0.5095181026652323,0.1940928270042194
A,équilibré,MLP,0.3,1,epochs=135,0.6605550049554014,0.43796290621026257,0.22152077905754375,0.4987876363841562,0.7664974843494731,0.07633587786259542
B,équilibré,MLP,0.3,1,epochs=407,0.17443012884043607,0.11344629882125051,0.05599525801292106,0.12081104181332362,0.23793284946070378,0.052980132450331126
A,équilibré,k-NN (coords),0.3,1,"k=1,uniform",0.844400396432111,0.7507225580866249,0.619949494949495,0.8034292878819688,0.8776848048757911,0.5130434782608696
A,équilibré,Label Propagation,0.3,1,alpha=0.7,0.8741328047571854,0.7843617002747624,0.5856646825396825,0.8736682494018825,0.9254963655381855,0.5371900826446281
B,équilibré,Label Propagation,0.3,1,alpha=0.7,0.8741328047571854,0.7843617002747624,0.5856646825396825,0.8736682494018825,0.9254963655381855,0.5371900826446281
A,équilibré,Node2Vec + LogReg,0.3,1,C=1.0,0.4217046580773043,0.18778987163907893,0.010416666666666666,0.2193361172248363,0.5161907162774814,0.18787878787878787
B,équilibré,Node2Vec + LogReg,0.3,1,C=1.0,0.4217046580773043,0.18778987163907893,0.010416666666666666,0.2193361172248363,0.5161907162774814,0.18787878787878787
A,standard,Majoritaire,0.3,2,-,0.19326065411298315,0.003239202657807309,0.0,0.0,0.026993355481727575,0.0
A,équilibré,Majoritaire,0.3,2,-,0.19326065411298315,0.003239202657807309,0.0,0.0,0.026993355481727575,0.0
B,standard,Majoritaire,0.3,2,-,0.19326065411298315,0.003239202657807309,0.0,0.0,0.026993355481727575,0.0
B,équilibré,Majoritaire,0.3,2,-,0.19326065411298315,0.003239202657807309,0.0,0.0,0.026993355481727575,0.0
A,standard,MLP,0.3,2,epochs=298,0.7472745292368682,0.4695376436788718,0.1496279761904762,0.5752904319290757,0.8459574693388316,0.37320574162679426
B,standard,MLP,0.3,2,epochs=58,0.19970267591674926,0.0056112193221659525,0.0,0.0,0.046760161018049605,0.0
A,standard,k-NN (coords),0.3,2,"k=3,uniform",0.8434093161546086,0.7208065001349456,0.5479262057387058,0.7918743956759384,0.8843680647921631,0.3815028901734104
A,standard,Label Propagation,0.3,2,alpha=0.5,0.8647175421209118,0.7673396303616324,0.5888618326118327,0.8408130268374142,0.9197476886960766,0.6086956521739131
B,standard,Label Propagation,0.3,2,alpha=0.5,0.8647175421209118,0.7673396303616324,0.5888618326118327,0.8408130268374142,0.9197476886960766,0.6086956521739131
A,standard,Node2Vec + LogReg,0.3,2,C=0.1,0.4578790882061447,0.14694427202162103,0.0,0.14954414177586317,0.5214258353298877,0.21238938053097345
B,standard,Node2Vec + LogReg,0.3,2,C=0.1,0.4578790882061447,0.14694427202162103,0.0,0.14954414177586317,0.5214258353298877,0.21238938053097345
A,équilibré,MLP,0.3,2,epochs=256,0.707631318136769,0.5242727849161167,0.2612575343902743,0.6256085783472795,0.8022349625230416,0.031746031746031744
B,équilibré,MLP,0.3,2,epochs=324,0.155599603567889,0.10101073495289144,0.07165756544868387,0.09286797778196604,0.21869527131954325,0.0759493670886076
A,équilibré,k-NN (coords),0.3,2,"k=1,uniform",0.8448959365708623,0.7295485365858034,0.5797934704184704,0.7855085558792121,0.8930561541678692,0.4818181818181818
A,équilibré,Label Propagation,0.3,2,alpha=0.5,0.8647175421209118,0.7673396303616324,0.5888618326118327,0.8408130268374142,0.9197476886960766,0.6086956521739131
B,équilibré,Label Propagation,0.3,2,alpha=0.5,0.8647175421209118,0.7673396303616324,0.5888618326118327,0.8408130268374142,0.9197476886960766,0.6086956521739131
A,équilibré,Node2Vec + LogReg,0.3,2,C=0.1,0.4990089197224975,0.23156522180883612,0.018229166666666664,0.2807711827360215,0.5765912470793593,0.2116788321167883
B,équilibré,Node2Vec + LogReg,0.3,2,C=0.1,0.4990089197224975,0.23156522180883612,0.018229166666666664,0.2807711827360215,0.5765912470793593,0.2116788321167883
A,standard,Majoritaire,0.3,3,-,0.19326065411298315,0.003239202657807309,0.0,0.0,0.026993355481727575,0.0
A,équilibré,Majoritaire,0.3,3,-,0.19326065411298315,0.003239202657807309,0.0,0.0,0.026993355481727575,0.0
B,standard,Majoritaire,0.3,3,-,0.19326065411298315,0.003239202657807309,0.0,0.0,0.026993355481727575,0.0
B,équilibré,Majoritaire,0.3,3,-,0.19326065411298315,0.003239202657807309,0.0,0.0,0.026993355481727575,0.0
A,standard,MLP,0.3,3,epochs=312,0.7353815659068385,0.47598268609559935,0.2304112554112554,0.5443155686353773,0.8249850939142701,0.3879310344827586
B,standard,MLP,0.3,3,epochs=181,0.25173439048562934,0.03313761430985042,0.0,0.008326873539835819,0.2190564299323204,0.2271062271062271
A,standard,k-NN (coords),0.3,3,"k=1,uniform",0.8597621407333994,0.7537077690464562,0.5820741758241758,0.8250513979248351,0.9025338483033418,0.5361702127659574
A,standard,Label Propagation,0.3,3,alpha=0.5,0.8681863230921705,0.7726093462765661,0.5612611346986347,0.8654613917971874,0.9297493243259799,0.5432098765432098
B,standard,Label Propagation,0.3,3,alpha=0.5,0.8681863230921705,0.7726093462765661,0.5612611346986347,0.8654613917971874,0.9297493243259799,0.5432098765432098
A,standard,Node2Vec + LogReg,0.3,3,C=0.1,0.45341922695738357,0.15055836308525217,0.0,0.15106578927875283,0.5408894496313342,0.25654450261780104
B,standard,Node2Vec + LogReg,0.3,3,C=0.1,0.45341922695738357,0.15055836308525217,0.0,0.15106578927875283,0.5408894496313342,0.25654450261780104
A,équilibré,MLP,0.3,3,epochs=175,0.6982160555004956,0.4925746671329065,0.2573457700924806,0.5727243328989814,0.7896710110816939,0.046511627906976744
B,équilibré,MLP,0.3,3,epochs=288,0.14568880079286423,0.09115428220134975,0.04825434981684981,0.0950278679758191,0.19225170318909382,0.03773584905660377
A,équilibré,k-NN (coords),0.3,3,"k=1,uniform",0.8597621407333994,0.7537077690464562,0.5820741758241758,0.8250513979248351,0.9025338483033418,0.5361702127659574
A,équilibré,Label Propagation,0.3,3,alpha=0.5,0.8681863230921705,0.7726093462765661,0.5612611346986347,0.8654613917971874,0.9297493243259799,0.5432098765432098
B,équilibré,Label Propagation,0.3,3,alpha=0.5,0.8681863230921705,0.7726093462765661,0.5612611346986347,0.8654613917971874,0.9297493243259799,0.5432098765432098
A,équilibré,Node2Vec + LogReg,0.3,3,C=1.0,0.4321110009910803,0.19483249581295364,0.0,0.23314582516187368,0.5329517362519142,0.26480836236933797
B,équilibré,Node2Vec + LogReg,0.3,3,C=1.0,0.4321110009910803,0.19483249581295364,0.0,0.23314582516187368,0.5329517362519142,0.26480836236933797
A,standard,Majoritaire,0.3,4,-,0.19326065411298315,0.003239202657807309,0.0,0.0,0.026993355481727575,0.0
A,équilibré,Majoritaire,0.3,4,-,0.19326065411298315,0.003239202657807309,0.0,0.0,0.026993355481727575,0.0
B,standard,Majoritaire,0.3,4,-,0.19326065411298315,0.003239202657807309,0.0,0.0,0.026993355481727575,0.0
B,équilibré,Majoritaire,0.3,4,-,0.19326065411298315,0.003239202657807309,0.0,0.0,0.026993355481727575,0.0
A,standard,MLP,0.3,4,epochs=331,0.7472745292368682,0.4975690358153593,0.22589285714285712,0.5858450970321555,0.8292239527195263,0.3561643835616438
B,standard,MLP,0.3,4,epochs=284,0.2626362735381566,0.039404474589581635,0.0,0.02083697736632735,0.21509003087306885,0.21333333333333335
A,standard,k-NN (coords),0.3,4,"k=1,uniform",0.8523290386521308,0.7417761634284236,0.5825374278499278,0.8033935136651833,0.900863026076887,0.5394190871369294
A,standard,Label Propagation,0.3,4,alpha=0.5,0.8657086223984143,0.7850210723706599,0.5990778318903319,0.8711703805660413,0.9059825949990455,0.5454545454545454
B,standard,Label Propagation,0.3,4,alpha=0.5,0.8657086223984143,0.7850210723706599,0.5990778318903319,0.8711703805660413,0.9059825949990455,0.5454545454545454
A,standard,Node2Vec + LogReg,0.3,4,C=0.1,0.44400396432111,0.14463244630015612,0.0,0.14575278614629486,0.5234118978714892,0.16589861751152074
B,standard,Node2Vec + LogReg,0.3,4,C=0.1,0.44400396432111,0.14463244630015612,0.0,0.14575278614629486,0.5234118978714892,0.16589861751152074
A,équilibré,MLP,0.3,4,epochs=159,0.6669970267591675,0.4532634207575519,0.216928730991231,0.5323956232062643,0.7572278646194329,0.016129032258064516
B,équilibré,MLP,0.3,4,epochs=248,0.1620416253716551,0.09096295648151446,0.03800279581529581,0.09860877727212279,0.19647612759209396,0.09900990099009901
A,équilibré,k-NN (coords),0.3,4,"k=3,distance",0.8503468780971258,0.7370997269043424,0.5633241758241758,0.8090246821696885,0.8885664250236069,0.5244444444444445
A,équilibré,Label Propagation,0.3,4,alpha=0.5,0.8657086223984143,0.7850210723706599,0.5990778318903319,0.8711703805660413,0.9059825949990455,0.5454545454545454
B,équilibré,Label Propagation,0.3,4,alpha=0.5,0.8657086223984143,0.7850210723706599,0.5990778318903319,0.8711703805660413,0.9059825949990455,0.5454545454545454
A,équilibré,Node2Vec + LogReg,0.3,4,C=0.1,0.48662041625371655,0.21423719034756764,0.010416666666666666,0.2564252563994952,0.5710994818791496,0.13380281690140844
B,équilibré,Node2Vec + LogReg,0.3,4,C=0.1,0.48662041625371655,0.21423719034756764,0.010416666666666666,0.2564252563994952,0.5710994818791496,0.13380281690140844
A,standard,Majoritaire,0.3,5,-,0.19326065411298315,0.003239202657807309,0.0,0.0,0.026993355481727575,0.0
A,équilibré,Majoritaire,0.3,5,-,0.19326065411298315,0.003239202657807309,0.0,0.0,0.026993355481727575,0.0
B,standard,Majoritaire,0.3,5,-,0.19326065411298315,0.003239202657807309,0.0,0.0,0.026993355481727575,0.0
B,équilibré,Majoritaire,0.3,5,-,0.19326065411298315,0.003239202657807309,0.0,0.0,0.026993355481727575,0.0
A,standard,MLP,0.3,5,epochs=313,0.7333994053518335,0.47532832492060173,0.18988546176046173,0.5643499101087648,0.8391188810655681,0.34782608695652173
B,standard,MLP,0.3,5,epochs=208,0.24826560951437066,0.029801675288337926,0.0,0.01564243557143696,0.16126141687365958,0.18469656992084432
A,standard,k-NN (coords),0.3,5,"k=5,distance",0.8468780971258671,0.721122757997823,0.53252296110752,0.7952074248219588,0.9054787436693207,0.46938775510204084
A,standard,Label Propagation,0.3,5,alpha=0.5,0.8741328047571854,0.8126221423742029,0.6884537337662338,0.8642114540055591,0.9236661131686357,0.6160714285714286
B,standard,Label Propagation,0.3,5,alpha=0.5,0.8741328047571854,0.8126221423742029,0.6884537337662338,0.8642114540055591,0.9236661131686357,0.6160714285714286
A,standard,Node2Vec + LogReg,0.3,5,C=0.1,0.4499504459861249,0.14004282096846124,0.0,0.1335693155895134,0.537053033840796,0.21333333333333335
B,standard,Node2Vec + LogReg,0.3,5,C=0.1,0.4499504459861249,0.14004282096846124,0.0,0.1335693155895134,0.537053033840796,0.21333333333333335
A,équilibré,MLP,0.3,5,epochs=205,0.6952428146679881,0.490952073424042,0.22130907287157287,0.5886284826960321,0.8032292051860086,0.0
B,équilibré,MLP,0.3,5,epochs=242,0.15857284440039643,0.08668994567752879,0.009018640350877193,0.10683183415162233,0.1970926928720542,0.13953488372093023
A,équilibré,k-NN (coords),0.3,5,"k=5,distance",0.8468780971258671,0.721122757997823,0.53252296110752,0.7952074248219588,0.9054787436693207,0.46938775510204084
A,équilibré,Label Propagation,0.3,5,alpha=0.5,0.8741328047571854,0.8126221423742029,0.6884537337662338,0.8642114540055591,0.9236661131686357,0.6160714285714286
B,équilibré,Label Propagation,0.3,5,alpha=0.5,0.8741328047571854,0.8126221423742029,0.6884537337662338,0.8642114540055591,0.9236661131686357,0.6160714285714286
A,équilibré,Node2Vec + LogReg,0.3,5,C=1.0,0.43508424182358774,0.19426165673603207,0.018229166666666664,0.2224995997546361,0.53883179428877,0.13937282229965156
B,équilibré,Node2Vec + LogReg,0.3,5,C=1.0,0.43508424182358774,0.19426165673603207,0.018229166666666664,0.2224995997546361,0.53883179428877,0.13937282229965156
A,standard,Majoritaire,0.3,6,-,0.19326065411298315,0.003239202657807309,0.0,0.0,0.026993355481727575,0.0
A,équilibré,Majoritaire,0.3,6,-,0.19326065411298315,0.003239202657807309,0.0,0.0,0.026993355481727575,0.0
B,standard,Majoritaire,0.3,6,-,0.19326065411298315,0.003239202657807309,0.0,0.0,0.026993355481727575,0.0
B,équilibré,Majoritaire,0.3,6,-,0.19326065411298315,0.003239202657807309,0.0,0.0,0.026993355481727575,0.0
A,standard,MLP,0.3,6,epochs=422,0.7487611496531219,0.47572588592022497,0.14035218253968254,0.5937365330479707,0.8379532552286585,0.37037037037037035
B,standard,MLP,0.3,6,epochs=228,0.2591674925668979,0.04466711296646075,0.0,0.03486074245452148,0.19537436773890873,0.2048780487804878
A,standard,k-NN (coords),0.3,6,"k=1,uniform",0.8513379583746283,0.7448318786137862,0.612457160894661,0.7922706241232802,0.9061765692011247,0.43555555555555553
A,standard,Label Propagation,0.3,6,alpha=0.7,0.8701684836471755,0.7853307584917667,0.5925893550893551,0.8730715870390303,0.9170853077135571,0.5462555066079295
B,standard,Label Propagation,0.3,6,alpha=0.7,0.8701684836471755,0.7853307584917667,0.5925893550893551,0.8730715870390303,0.9170853077135571,0.5462555066079295
A,standard,Node2Vec + LogReg,0.3,6,C=0.1,0.4514370664023786,0.13896394444796992,0.010416666666666666,0.12606483908399707,0.5394205632403323,0.15644820295983086
B,standard,Node2Vec + LogReg,0.3,6,C=0.1,0.4514370664023786,0.13896394444796992,0.010416666666666666,0.12606483908399707,0.5394205632403323,0.15644820295983086
A,équilibré,MLP,0.3,6,epochs=349,0.7388503468780971,0.5445760850006416,0.3233926663614164,0.6182110778077277,0.831647860217145,0.1276595744680851
B,équilibré,MLP,0.3,6,epochs=182,0.15411298315163527,0.08297280922744318,0.040525716865693645,0.0904485528580369,0.1622979404456082,0.0782122905027933
A,équilibré,k-NN (coords),0.3,6,"k=1,uniform",0.8513379583746283,0.7448318786137862,0.612457160894661,0.7922706241232802,0.9061765692011247,0.43555555555555553
A,équilibré,Label Propagation,0.3,6,alpha=0.7,0.8701684836471755,0.7853307584917667,0.5925893550893551,0.8730715870390303,0.9170853077135571,0.5462555066079295
B,équilibré,Label Propagation,0.3,6,alpha=0.7,0.8701684836471755,0.7853307584917667,0.5925893550893551,0.8730715870390303,0.9170853077135571,0.5462555066079295
A,équilibré,Node2Vec + LogReg,0.3,6,C=0.1,0.48761149653121905,0.20116706291305253,0.02003205128205128,0.22574512828575335,0.5757634133462145,0.15053763440860216
B,équilibré,Node2Vec + LogReg,0.3,6,C=0.1,0.48761149653121905,0.20116706291305253,0.02003205128205128,0.22574512828575335,0.5757634133462145,0.15053763440860216
A,standard,Majoritaire,0.3,7,-,0.19326065411298315,0.003239202657807309,0.0,0.0,0.026993355481727575,0.0
A,équilibré,Majoritaire,0.3,7,-,0.19326065411298315,0.003239202657807309,0.0,0.0,0.026993355481727575,0.0
B,standard,Majoritaire,0.3,7,-,0.19326065411298315,0.003239202657807309,0.0,0.0,0.026993355481727575,0.0
B,équilibré,Majoritaire,0.3,7,-,0.19326065411298315,0.003239202657807309,0.0,0.0,0.026993355481727575,0.0
A,standard,MLP,0.3,7,epochs=260,0.7438057482656095,0.4739598665751616,0.18777281746031743,0.5644386958792457,0.8298492489111465,0.38493723849372385
B,standard,MLP,0.3,7,epochs=58,0.2026759167492567,0.005829066132663652,0.0,0.0,0.04857555110553043,0.0
A,standard,k-NN (coords),0.3,7,"k=1,uniform",0.8488602576808721,0.7279790761415225,0.5532840423465424,0.7954036727079445,0.9013723565052634,0.5291479820627802
A,standard,Label Propagation,0.3,7,alpha=0.5,0.8602576808721506,0.7625979663235084,0.5789389430014429,0.8393152905916028,0.9166650751948269,0.5714285714285714
B,standard,Label Propagation,0.3,7,alpha=0.5,0.8602576808721506,0.7625979663235084,0.5789389430014429,0.8393152905916028,0.9166650751948269,0.5714285714285714
A,standard,Node2Vec + LogReg,0.3,7,C=0.1,0.4603567888999009,0.1533547875598471,0.0,0.16116377059024603,0.5221659934555319,0.2054794520547945
B,standard,Node2Vec + LogReg,0.3,7,C=0.1,0.4603567888999009,0.1533547875598471,0.0,0.16116377059024603,0.5221659934555319,0.2054794520547945
A,équilibré,MLP,0.3,7,epochs=270,0.707631318136769,0.5011178000386672,0.2505288050228066,0.5857918577524561,0.802328337806661,0.24836601307189543
B,équilibré,MLP,0.3,7,epochs=273,0.15262636273538158,0.084175759267582,0.02140120265942634,0.09821858471392782,0.1838743066588379,0.12422360248447205
A,équilibré,k-NN (coords),0.3,7,"k=1,uniform",0.8488602576808721,0.7279790761415225,0.5532840423465424,0.7954036727079445,0.9013723565052634,0.5291479820627802
A,équilibré,Label Propagation,0.3,7,alpha=0.5,0.8602576808721506,0.7625979663235084,0.5789389430014429,0.8393152905916028,0.9166650751948269,0.5714285714285714
B,équilibré,Label Propagation,0.3,7,alpha=0.5,0.8602576808721506,0.7625979663235084,0.5789389430014429,0.8393152905916028,0.9166650751948269,0.5714285714285714
A,équilibré,Node2Vec + LogReg,0.3,7,C=0.1,0.5039643211100099,0.2096262515892079,0.010416666666666666,0.24633291089553086,0.5728404312174268,0.20689655172413793
B,équilibré,Node2Vec + LogReg,0.3,7,C=0.1,0.5039643211100099,0.2096262515892079,0.010416666666666666,0.24633291089553086,0.5728404312174268,0.20689655172413793
A,standard,Majoritaire,0.3,8,-,0.19326065411298315,0.003239202657807309,0.0,0.0,0.026993355481727575,0.0
A,équilibré,Majoritaire,0.3,8,-,0.19326065411298315,0.003239202657807309,0.0,0.0,0.026993355481727575,0.0
B,standard,Majoritaire,0.3,8,-,0.19326065411298315,0.003239202657807309,0.0,0.0,0.026993355481727575,0.0
B,équilibré,Majoritaire,0.3,8,-,0.19326065411298315,0.003239202657807309,0.0,0.0,0.026993355481727575,0.0
A,standard,MLP,0.3,8,epochs=303,0.7373637264618434,0.4790245497397549,0.17916666666666664,0.5813787166473727,0.8237362094661553,0.30845771144278605
B,standard,MLP,0.3,8,epochs=193,0.24430128840436074,0.03172260424792622,0.00625,0.01228000757412522,0.17397580678486238,0.20915032679738563
A,standard,k-NN (coords),0.3,8,"k=1,uniform",0.8419226957383548,0.7145997789209535,0.5329274891774891,0.7837119987111931,0.8974004146638955,0.5333333333333333
A,standard,Label Propagation,0.3,8,alpha=0.5,0.8711595639246779,0.7761986975033832,0.5766403735153734,0.8633988064692286,0.9253476879665082,0.576271186440678
B,standard,Label Propagation,0.3,8,alpha=0.5,0.8711595639246779,0.7761986975033832,0.5766403735153734,0.8633988064692286,0.9253476879665082,0.576271186440678
A,standard,Node2Vec + LogReg,0.3,8,C=0.1,0.4554013875123885,0.15195624552826045,0.0,0.1602458312974445,0.5124534699227385,0.232662192393736
B,standard,Node2Vec + LogReg,0.3,8,C=0.1,0.4554013875123885,0.15195624552826045,0.0,0.1602458312974445,0.5124534699227385,0.232662192393736
A,équilibré,MLP,0.3,8,epochs=326,0.7279484638255699,0.5346712519744249,0.29982880681410096,0.6180640763796239,0.8111793035233384,0.14492753623188406
B,équilibré,MLP,0.3,8,epochs=245,0.17938553022794845,0.08015851472207951,0.04171503454895438,0.07240126199914829,0.2179223851132429,0.08383233532934131
A,équilibré,k-NN (coords),0.3,8,"k=3,distance",0.8325074331020813,0.6885684910729633,0.4583000333000333,0.782204892747451,0.8935299910805358,0.44761904761904764
A,équilibré,Label Propagation,0.3,8,alpha=0.5,0.8711595639246779,0.7761986975033832,0.5766403735153734,0.8633988064692286,0.9253476879665082,0.576271186440678
B,équilibré,Label Propagation,0.3,8,alpha=0.5,0.8711595639246779,0.7761986975033832,0.5766403735153734,0.8633988064692286,0.9253476879665082,0.576271186440678
A,équilibré,Node2Vec + LogReg,0.3,8,C=0.1,0.4930624380574827,0.21704314072639933,0.006944444444444444,0.2622236227019399,0.5699945371485541,0.2198581560283688
B,équilibré,Node2Vec + LogReg,0.3,8,C=0.1,0.4930624380574827,0.21704314072639933,0.006944444444444444,0.2622236227019399,0.5699945371485541,0.2198581560283688
A,standard,Majoritaire,0.3,9,-,0.19326065411298315,0.003239202657807309,0.0,0.0,0.026993355481727575,0.0
A,équilibré,Majoritaire,0.3,9,-,0.19326065411298315,0.003239202657807309,0.0,0.0,0.026993355481727575,0.0
B,standard,Majoritaire,0.3,9,-,0.19326065411298315,0.003239202657807309,0.0,0.0,0.026993355481727575,0.0
B,équilibré,Majoritaire,0.3,9,-,0.19326065411298315,0.003239202657807309,0.0,0.0,0.026993355481727575,0.0
A,standard,MLP,0.3,9,epochs=297,0.7452923686818632,0.47555462990349384,0.1386160714285714,0.5939065399027983,0.8386320551795922,0.391304347826087
B,standard,MLP,0.3,9,epochs=58,0.19226957383548068,0.005575154101469891,0.0,0.0,0.04645961751224909,0.0
A,standard,k-NN (coords),0.3,9,"k=3,distance",0.8414271555996036,0.7292966377658346,0.5761970668220668,0.7880941284518576,0.8859912382616201,0.5142857142857142
A,standard,Label Propagation,0.3,9,alpha=0.7,0.8617443012884044,0.7557543032084252,0.5391075937950938,0.8514245563130636,0.9130742778939275,0.5387453874538746
B,standard,Label Propagation,0.3,9,alpha=0.7,0.8617443012884044,0.7557543032084252,0.5391075937950938,0.8514245563130636,0.9130742778939275,0.5387453874538746
A,standard,Node2Vec + LogReg,0.3,9,C=0.1,0.4603567888999009,0.14578371830877962,0.0,0.14529670973290557,0.5315363346269004,0.20861678004535147
B,standard,Node2Vec + LogReg,0.3,9,C=0.1,0.4603567888999009,0.14578371830877962,0.0,0.14529670973290557,0.5315363346269004,0.20861678004535147
A,équilibré,MLP,0.3,9,epochs=168,0.6689791873141725,0.4582032665582308,0.25256132756132754,0.5197137809482937,0.7588739311737832,0.047619047619047616
B,équilibré,MLP,0.3,9,epochs=138,0.15460852329038652,0.07200704587393993,0.020876807930379358,0.0735814315435995,0.20269455544921222,0.05333333333333334
A,équilibré,k-NN (coords),0.3,9,"k=3,distance",0.8414271555996036,0.7292966377658346,0.5761970668220668,0.7880941284518576,0.8859912382616201,0.5142857142857142
A,équilibré,Label Propagation,0.3,9,alpha=0.7,0.8617443012884044,0.7557543032084252,0.5391075937950938,0.8514245563130636,0.9130742778939275,0.5387453874538746
B,équilibré,Label Propagation,0.3,9,alpha=0.7,0.8617443012884044,0.7557543032084252,0.5391075937950938,0.8514245563130636,0.9130742778939275,0.5387453874538746
A,équilibré,Node2Vec + LogReg,0.3,9,C=0.1,0.49702675916749256,0.21465873960871362,0.026041666666666664,0.24401855261488983,0.5837844469575068,0.20610687022900764
B,équilibré,Node2Vec + LogReg,0.3,9,C=0.1,0.49702675916749256,0.21465873960871362,0.026041666666666664,0.24401855261488983,0.5837844469575068,0.20610687022900764
A,standard,Majoritaire,0.5,0,-,0.19330855018587362,0.0032398753894080996,0.0,0.0,0.02699896157840083,0.0
A,équilibré,Majoritaire,0.5,0,-,0.19330855018587362,0.0032398753894080996,0.0,0.0,0.02699896157840083,0.0
B,standard,Majoritaire,0.5,0,-,0.19330855018587362,0.0032398753894080996,0.0,0.0,0.02699896157840083,0.0
B,équilibré,Majoritaire,0.5,0,-,0.19330855018587362,0.0032398753894080996,0.0,0.0,0.02699896157840083,0.0
A,standard,MLP,0.5,0,epochs=284,0.7643122676579925,0.49429195216735544,0.18784722222222222,0.5996251047899506,0.8412295247992633,0.34394904458598724
B,standard,MLP,0.5,0,epochs=325,0.2795539033457249,0.058057725106391095,0.0,0.049725373440788465,0.23932700765121603,0.19895287958115182
A,standard,k-NN (coords),0.5,0,"k=3,distance",0.8594795539033457,0.7718627404047063,0.6341112012987014,0.8299729142258335,0.8931361573266576,0.5285714285714286
A,standard,Label Propagation,0.5,0,alpha=0.5,0.8780669144981412,0.815563400773547,0.6826636904761905,0.8697748749899331,0.9402399859020539,0.5906040268456376
B,standard,Label Propagation,0.5,0,alpha=0.5,0.8780669144981412,0.815563400773547,0.6826636904761905,0.8697748749899331,0.9402399859020539,0.5906040268456376
A,standard,Node2Vec + LogReg,0.5,0,C=0.1,0.4817843866171004,0.1852091349150507,0.0125,0.2016955059634395,0.5676706067180225,0.21561338289962825
B,standard,Node2Vec + LogReg,0.5,0,C=0.1,0.4817843866171004,0.1852091349150507,0.0125,0.2016955059634395,0.5676706067180225,0.21561338289962825
A,équilibré,MLP,0.5,0,epochs=331,0.7955390334572491,0.6331719855857229,0.398653083028083,0.7297008733367045,0.8548609012936078,0.16842105263157894
B,équilibré,MLP,0.5,0,epochs=351,0.19925650557620816,0.0961553499665398,0.029239510489510494,0.11108148530465298,0.20688913924900962,0.08771929824561403
A,équilibré,k-NN (coords),0.5,0,"k=3,distance",0.8594795539033457,0.7718627404047063,0.6341112012987014,0.8299729142258335,0.8931361573266576,0.5285714285714286
A,équilibré,Label Propagation,0.5,0,alpha=0.5,0.8780669144981412,0.815563400773547,0.6826636904761905,0.8697748749899331,0.9402399859020539,0.5906040268456376
B,équilibré,Label Propagation,0.5,0,alpha=0.5,0.8780669144981412,0.815563400773547,0.6826636904761905,0.8697748749899331,0.9402399859020539,0.5906040268456376
A,équilibré,Node2Vec + LogReg,0.5,0,C=0.1,0.5159851301115241,0.26664043028960854,0.11145833333333333,0.28561877600027236,0.6023619735232676,0.16
B,équilibré,Node2Vec + LogReg,0.5,0,C=0.1,0.5159851301115241,0.26664043028960854,0.11145833333333333,0.28561877600027236,0.6023619735232676,0.16
A,standard,Majoritaire,0.5,1,-,0.19330855018587362,0.0032398753894080996,0.0,0.0,0.02699896157840083,0.0
A,équilibré,Majoritaire,0.5,1,-,0.19330855018587362,0.0032398753894080996,0.0,0.0,0.02699896157840083,0.0
B,standard,Majoritaire,0.5,1,-,0.19330855018587362,0.0032398753894080996,0.0,0.0,0.02699896157840083,0.0
B,équilibré,Majoritaire,0.5,1,-,0.19330855018587362,0.0032398753894080996,0.0,0.0,0.02699896157840083,0.0
A,standard,MLP,0.5,1,epochs=246,0.7412639405204461,0.4737607165448376,0.1986607142857143,0.555928766555494,0.8412049616678794,0.34838709677419355
B,standard,MLP,0.5,1,epochs=65,0.20148698884758365,0.0067575890160432505,0.0,0.0,0.056313241800360424,0.0
A,standard,k-NN (coords),0.5,1,"k=10,distance",0.8550185873605948,0.7186473681741219,0.5411029942279941,0.7861083369827377,0.8985982864802294,0.5303030303030303
A,standard,Label Propagation,0.5,1,alpha=0.7,0.8840148698884759,0.7970782403399543,0.6166666666666667,0.8771453882970462,0.9282059240425511,0.5930232558139535
B,standard,Label Propagation,0.5,1,alpha=0.7,0.8840148698884759,0.7970782403399543,0.6166666666666667,0.8771453882970462,0.9282059240425511,0.5930232558139535
A,standard,Node2Vec + LogReg,0.5,1,C=0.1,0.48252788104089217,0.19314314482518857,0.0,0.23030138778833656,0.536400054513362,0.2109375
B,standard,Node2Vec + LogReg,0.5,1,C=0.1,0.48252788104089217,0.19314314482518857,0.0,0.23030138778833656,0.536400054513362,0.2109375
A,équilibré,MLP,0.5,1,epochs=320,0.7494423791821562,0.5761134302780277,0.3759424603174603,0.6396130389520888,0.8558832519509201,0.13186813186813187
B,équilibré,MLP,0.5,1,epochs=241,0.19033457249070632,0.1044722875923603,0.05793269230769231,0.10618590955222412,0.22496551262051015,0.05357142857142857
A,équilibré,k-NN (coords),0.5,1,"k=1,uniform",0.8631970260223049,0.7785669718682141,0.6757756132756132,0.8167772412023658,0.8939042345715822,0.5822784810126582
A,équilibré,Label Propagation,0.5,1,alpha=0.7,0.8840148698884759,0.7970782403399543,0.6166666666666667,0.8771453882970462,0.9282059240425511,0.5930232558139535
B,équilibré,Label Propagation,0.5,1,alpha=0.7,0.8840148698884759,0.7970782403399543,0.6166666666666667,0.8771453882970462,0.9282059240425511,0.5930232558139535
A,équilibré,Node2Vec + LogReg,0.5,1,C=0.1,0.5174721189591078,0.26857904812963573,0.04598214285714286,0.3246628856753376,0.6115333969103639,0.19161676646706588
B,équilibré,Node2Vec + LogReg,0.5,1,C=0.1,0.5174721189591078,0.26857904812963573,0.04598214285714286,0.3246628856753376,0.6115333969103639,0.19161676646706588
A,standard,Majoritaire,0.5,2,-,0.19330855018587362,0.0032398753894080996,0.0,0.0,0.02699896157840083,0.0
A,équilibré,Majoritaire,0.5,2,-,0.19330855018587362,0.0032398753894080996,0.0,0.0,0.02699896157840083,0.0
B,standard,Majoritaire,0.5,2,-,0.19330855018587362,0.0032398753894080996,0.0,0.0,0.02699896157840083,0.0
B,équilibré,Majoritaire,0.5,2,-,0.19330855018587362,0.0032398753894080996,0.0,0.0,0.02699896157840083,0.0
A,standard,MLP,0.5,2,epochs=380,0.7776951672862453,0.5165844595373162,0.18139880952380955,0.6421373535823215,0.8425498072540346,0.425531914893617
B,standard,MLP,0.5,2,epochs=356,0.2788104089219331,0.057686011559217966,0.0,0.04493157750129264,0.25883833712705123,0.19130434782608696
A,standard,k-NN (coords),0.5,2,"k=5,distance",0.8691449814126394,0.7710628984840534,0.6381696428571428,0.8249461008235283,0.8902240621151117,0.6301369863013698
A,standard,Label Propagation,0.5,2,alpha=0.5,0.8892193308550186,0.8205303044077926,0.6673611111111111,0.888233267532488,0.9328870975780726,0.65
B,standard,Label Propagation,0.5,2,alpha=0.5,0.8892193308550186,0.8205303044077926,0.6673611111111111,0.888233267532488,0.9328870975780726,0.65
A,standard,Node2Vec + LogReg,0.5,2,C=0.1,0.49516728624535317,0.20037795257713076,0.0,0.24203807019310505,0.5433182536792602,0.20588235294117646
B,standard,Node2Vec + LogReg,0.5,2,C=0.1,0.49516728624535317,0.20037795257713076,0.0,0.24203807019310505,0.5433182536792602,0.20588235294117646
A,équilibré,MLP,0.5,2,epochs=242,0.745724907063197,0.5674998852619039,0.3284789862914863,0.6597213899118877,0.8257533916236909,0.0449438202247191
B,équilibré,MLP,0.5,2,epochs=333,0.21263940520446098,0.12383281066983644,0.04140625,0.14981203965936668,0.22499790149348875,0.11864406779661017
A,équilibré,k-NN (coords),0.5,2,"k=3,distance",0.8691449814126394,0.7721123701125776,0.6288938492063492,0.8322444388892823,0.8919931812137704,0.609271523178808
A,équilibré,Label Propagation,0.5,2,alpha=0.5,0.8892193308550186,0.8205303044077926,0.6673611111111111,0.888233267532488,0.9328870975780726,0.65
B,équilibré,Label Propagation,0.5,2,alpha=0.5,0.8892193308550186,0.8205303044077926,0.6673611111111111,0.888233267532488,0.9328870975780726,0.65
A,équilibré,Node2Vec + LogReg,0.5,2,C=0.1,0.5286245353159851,0.28662037695516107,0.040178571428571425,0.36405187294867686,0.6021509019297094,0.1276595744680851
B,équilibré,Node2Vec + LogReg,0.5,2,C=0.1,0.5286245353159851,0.28662037695516107,0.040178571428571425,0.36405187294867686,0.6021509019297094,0.1276595744680851
A,standard,Majoritaire,0.5,3,-,0.19330855018587362,0.0032398753894080996,0.0,0.0,0.02699896157840083,0.0
A,équilibré,Majoritaire,0.5,3,-,0.19330855018587362,0.0032398753894080996,0.0,0.0,0.02699896157840083,0.0
B,standard,Majoritaire,0.5,3,-,0.19330855018587362,0.0032398753894080996,0.0,0.0,0.02699896157840083,0.0
B,équilibré,Majoritaire,0.5,3,-,0.19330855018587362,0.0032398753894080996,0.0,0.0,0.02699896157840083,0.0
A,standard,MLP,0.5,3,epochs=391,0.774721189591078,0.4989982401453408,0.1927579365079365,0.5982496052764904,0.8660389672011067,0.43537414965986393
B,standard,MLP,0.5,3,epochs=293,0.275092936802974,0.048949387990118956,0.0,0.03220573892510651,0.24279492704313266,0.21008403361344538
A,standard,k-NN (coords),0.5,3,"k=5,distance",0.8743494423791821,0.7670766979580327,0.6116409632034632,0.8294978767518872,0.9089284957601448,0.6056338028169014
A,standard,Label Propagation,0.5,3,alpha=0.5,0.8936802973977696,0.806794828565153,0.6269345238095237,0.8834593095729313,0.9485128981480627,0.6451612903225806
B,standard,Label Propagation,0.5,3,alpha=0.5,0.8936802973977696,0.806794828565153,0.6269345238095237,0.8834593095729313,0.9485128981480627,0.6451612903225806
A,standard,Node2Vec + LogReg,0.5,3,C=0.1,0.4884758364312268,0.18699775305247016,0.0,0.20808056689167567,0.5881429723089023,0.1976284584980237
B,standard,Node2Vec + LogReg,0.5,3,C=0.1,0.4884758364312268,0.18699775305247016,0.0,0.20808056689167567,0.5881429723089023,0.1976284584980237
A,équilibré,MLP,0.5,3,epochs=153,0.7256505576208179,0.5472292624127129,0.3540769993894994,0.6060930607837935,0.825291480321042,0.15384615384615385
B,équilibré,MLP,0.5,3,epochs=346,0.19405204460966544,0.11637263411812658,0.06486066017316017,0.1175220342399644,0.25116473246900933,0.08403361344537816
A,équilibré,k-NN (coords),0.5,3,"k=1,uniform",0.8676579925650557,0.7796455798070737,0.6498444264069263,0.8313337927028723,0.9051468460510109,0.5844155844155844
A,équilibré,Label Propagation,0.5,3,alpha=0.5,0.8936802973977696,0.806794828565153,0.6269345238095237,0.8834593095729313,0.9485128981480627,0.6451612903225806
B,équilibré,Label Propagation,0.5,3,alpha=0.5,0.8936802973977696,0.806794828565153,0.6269345238095237,0.8834593095729313,0.9485128981480627,0.6451612903225806
A,équilibré,Node2Vec + LogReg,0.5,3,C=0.1,0.5219330855018587,0.2600171449157173,0.0359375,0.31120800547155153,0.6274018814777644,0.2064516129032258
B,équilibré,Node2Vec + LogReg,0.5,3,C=0.1,0.5219330855018587,0.2600171449157173,0.0359375,0.31120800547155153,0.6274018814777644,0.2064516129032258
A,standard,Majoritaire,0.5,4,-,0.19330855018587362,0.0032398753894080996,0.0,0.0,0.02699896157840083,0.0
A,équilibré,Majoritaire,0.5,4,-,0.19330855018587362,0.0032398753894080996,0.0,0.0,0.02699896157840083,0.0
B,standard,Majoritaire,0.5,4,-,0.19330855018587362,0.0032398753894080996,0.0,0.0,0.02699896157840083,0.0
B,équilibré,Majoritaire,0.5,4,-,0.19330855018587362,0.0032398753894080996,0.0,0.0,0.02699896157840083,0.0
A,standard,MLP,0.5,4,epochs=328,0.7620817843866171,0.5105010031189723,0.20587797619047618,0.6151246284973325,0.8521157168072323,0.40476190476190477
B,standard,MLP,0.5,4,epochs=186,0.24460966542750928,0.026111734316871426,0.0,0.003212576896787423,0.18479171419069693,0.2169811320754717
A,standard,k-NN (coords),0.5,4,"k=1,uniform",0.8594795539033457,0.764241444314353,0.6327719155844156,0.8136713434986909,0.9060986391530177,0.5503355704697986
A,standard,Label Propagation,0.5,4,alpha=0.7,0.8788104089219331,0.7755885574309015,0.5665922619047619,0.8665853533786265,0.9255855242985637,0.6586826347305389
B,standard,Label Propagation,0.5,4,alpha=0.7,0.8788104089219331,0.7755885574309015,0.5665922619047619,0.8665853533786265,0.9255855242985637,0.6586826347305389
A,standard,Node2Vec + LogReg,0.5,4,C=0.1,0.4966542750929368,0.19030703812641345,0.0,0.215475769948102,0.5822453227419285,0.1925925925925926
B,standard,Node2Vec + LogReg,0.5,4,C=0.1,0.4966542750929368,0.19030703812641345,0.0,0.215475769948102,0.5822453227419285,0.1925925925925926
A,équilibré,MLP,0.5,4,epochs=252,0.7256505576208179,0.5566306948744671,0.34078941891441894,0.6330439705125203,0.8207029734173504,0.09195402298850575
B,équilibré,MLP,0.5,4,epochs=362,0.23717472118959107,0.12905647123734496,0.040600198412698414,0.1476638627581449,0.2838490137791552,0.07874015748031496
A,équilibré,k-NN (coords),0.5,4,"k=1,uniform",0.8594795539033457,0.764241444314353,0.6327719155844156,0.8136713434986909,0.9060986391530177,0.5503355704697986
A,équilibré,Label Propagation,0.5,4,alpha=0.5,0.8802973977695168,0.7950533807521744,0.6183035714285714,0.8712629463822662,0.9256948199256199,0.6918238993710691
B,équilibré,Label Propagation,0.5,4,alpha=0.5,0.8802973977695168,0.7950533807521744,0.6183035714285714,0.8712629463822662,0.9256948199256199,0.6918238993710691
A,équilibré,Node2Vec + LogReg,0.5,4,C=0.1,0.5353159851301115,0.27503683168617105,0.07872023809523811,0.3140193098884529,0.6313692207134766,0.13714285714285715
B,équilibré,Node2Vec + LogReg,0.5,4,C=0.1,0.5353159851301115,0.27503683168617105,0.07872023809523811,0.3140193098884529,0.6313692207134766,0.13714285714285715
A,standard,Majoritaire,0.5,5,-,0.19330855018587362,0.0032398753894080996,0.0,0.0,0.02699896157840083,0.0
A,équilibré,Majoritaire,0.5,5,-,0.19330855018587362,0.0032398753894080996,0.0,0.0,0.02699896157840083,0.0
B,standard,Majoritaire,0.5,5,-,0.19330855018587362,0.0032398753894080996,0.0,0.0,0.02699896157840083,0.0
B,équilibré,Majoritaire,0.5,5,-,0.19330855018587362,0.0032398753894080996,0.0,0.0,0.02699896157840083,0.0
A,standard,MLP,0.5,5,epochs=282,0.7695167286245354,0.4650648500464961,0.09479166666666666,0.5958339587627912,0.8489122096708224,0.5153374233128835
B,standard,MLP,0.5,5,epochs=262,0.25576208178438664,0.037784039009547056,0.0,0.02185862185862186,0.19341963881739108,0.2551440329218107
A,standard,k-NN (coords),0.5,5,"k=5,uniform",0.8684014869888476,0.7699348292478659,0.6225784632034632,0.8281349784800283,0.9220443243692987,0.45901639344262296
A,standard,Label Propagation,0.5,5,alpha=0.7,0.8817843866171003,0.7919912257318164,0.5959325396825397,0.8766356936777588,0.9385527298171009,0.651685393258427
B,standard,Label Propagation,0.5,5,alpha=0.7,0.8817843866171003,0.7919912257318164,0.5959325396825397,0.8766356936777588,0.9385527298171009,0.651685393258427
A,standard,Node2Vec + LogReg,0.5,5,C=0.1,0.4929368029739777,0.20160201032802358,0.015625,0.22418752344589662,0.5958426635315974,0.1797752808988764
B,standard,Node2Vec + LogReg,0.5,5,C=0.1,0.4929368029739777,0.20160201032802358,0.015625,0.22418752344589662,0.5958426635315974,0.1797752808988764
A,équilibré,MLP,0.5,5,epochs=210,0.7405204460966542,0.5629942017816862,0.3258439477189477,0.6529551748505468,0.8242428097617367,0.06896551724137931
B,équilibré,MLP,0.5,5,epochs=275,0.1895910780669145,0.12069064573897423,0.019366541777407653,0.15429758751060416,0.24210630135373679,0.057692307692307696
A,équilibré,k-NN (coords),0.5,5,"k=5,distance",0.8780669144981412,0.7912526784983434,0.6385416666666667,0.8555517048317408,0.9265504282703696,0.5179856115107914
A,équilibré,Label Propagation,0.5,5,alpha=0.7,0.8817843866171003,0.7919912257318164,0.5959325396825397,0.8766356936777588,0.9385527298171009,0.651685393258427
B,équilibré,Label Propagation,0.5,5,alpha=0.7,0.8817843866171003,0.7919912257318164,0.5959325396825397,0.8766356936777588,0.9385527298171009,0.651685393258427
A,équilibré,Node2Vec + LogReg,0.5,5,C=0.1,0.5219330855018587,0.28936175648270795,0.08020833333333333,0.3412162860367159,0.6197506795036127,0.16560509554140126
B,équilibré,Node2Vec + LogReg,0.5,5,C=0.1,0.5219330855018587,0.28936175648270795,0.08020833333333333,0.3412162860367159,0.6197506795036127,0.16560509554140126
A,standard,Majoritaire,0.5,6,-,0.19330855018587362,0.0032398753894080996,0.0,0.0,0.02699896157840083,0.0
A,équilibré,Majoritaire,0.5,6,-,0.19330855018587362,0.0032398753894080996,0.0,0.0,0.02699896157840083,0.0
B,standard,Majoritaire,0.5,6,-,0.19330855018587362,0.0032398753894080996,0.0,0.0,0.02699896157840083,0.0
B,équilibré,Majoritaire,0.5,6,-,0.19330855018587362,0.0032398753894080996,0.0,0.0,0.02699896157840083,0.0
A,standard,MLP,0.5,6,epochs=266,0.7732342007434945,0.49846058331470966,0.18303571428571427,0.6042640643624551,0.8548459444074438,0.49624060150375937
B,standard,MLP,0.5,6,epochs=309,0.2855018587360595,0.061919389840695054,0.0,0.055392797932904886,0.23879519597047894,0.27979274611398963
A,standard,k-NN (coords),0.5,6,"k=1,uniform",0.8802973977695168,0.8005852864764107,0.6798611111111111,0.8490954675438085,0.9155308479931809,0.6163522012578616
A,standard,Label Propagation,0.5,6,alpha=0.5,0.8944237918215613,0.8138023789004584,0.642063492063492,0.8898794178257206,0.9300057444025202,0.7307692307692307
B,standard,Label Propagation,0.5,6,alpha=0.5,0.8944237918215613,0.8138023789004584,0.642063492063492,0.8898794178257206,0.9300057444025202,0.7307692307692307
A,standard,Node2Vec + LogReg,0.5,6,C=0.1,0.4587360594795539,0.16221534618235064,0.0125,0.1680286851372523,0.5355982631590342,0.1527777777777778
B,standard,Node2Vec + LogReg,0.5,6,C=0.1,0.4587360594795539,0.16221534618235064,0.0125,0.1680286851372523,0.5355982631590342,0.1527777777777778
A,équilibré,MLP,0.5,6,epochs=220,0.745724907063197,0.577636698508363,0.33284632034632033,0.6758121255446515,0.8265925975823897,0.023809523809523808
B,équilibré,MLP,0.5,6,epochs=254,0.19182156133828995,0.07979829345945223,0.01851663961038961,0.08837929477209319,0.20043529539462576,0.12121212121212122
A,équilibré,k-NN (coords),0.5,6,"k=1,uniform",0.8802973977695168,0.8005852864764107,0.6798611111111111,0.8490954675438085,0.9155308479931809,0.6163522012578616
A,équilibré,Label Propagation,0.5,6,alpha=0.5,0.8944237918215613,0.8138023789004584,0.642063492063492,0.8898794178257206,0.9300057444025202,0.7307692307692307
B,équilibré,Label Propagation,0.5,6,alpha=0.5,0.8944237918215613,0.8138023789004584,0.642063492063492,0.8898794178257206,0.9300057444025202,0.7307692307692307
A,équilibré,Node2Vec + LogReg,0.5,6,C=10.0,0.3962825278810409,0.19948092005273463,0.06770833333333333,0.20795059925165332,0.519079927807714,0.11518324607329843
B,équilibré,Node2Vec + LogReg,0.5,6,C=10.0,0.3962825278810409,0.19948092005273463,0.06770833333333333,0.20795059925165332,0.519079927807714,0.11518324607329843
A,standard,Majoritaire,0.5,7,-,0.19330855018587362,0.0032398753894080996,0.0,0.0,0.02699896157840083,0.0
A,équilibré,Majoritaire,0.5,7,-,0.19330855018587362,0.0032398753894080996,0.0,0.0,0.02699896157840083,0.0
B,standard,Majoritaire,0.5,7,-,0.19330855018587362,0.0032398753894080996,0.0,0.0,0.02699896157840083,0.0
B,équilibré,Majoritaire,0.5,7,-,0.19330855018587362,0.0032398753894080996,0.0,0.0,0.02699896157840083,0.0
A,standard,MLP,0.5,7,epochs=220,0.7553903345724907,0.467429967367976,0.14965277777777777,0.5735889971972871,0.835134986196338,0.38509316770186336
B,standard,MLP,0.5,7,epochs=123,0.23866171003717473,0.01885882626372091,0.0,0.0,0.1385349116017711,0.22346368715083798
A,standard,k-NN (coords),0.5,7,"k=3,distance",0.8661710037174721,0.7691428663530568,0.648859126984127,0.8117524149694508,0.9130388785845307,0.547945205479452
A,standard,Label Propagation,0.5,7,alpha=0.5,0.8877323420074349,0.7961466973868806,0.6111607142857143,0.877021614879926,0.9334986020366332,0.6193548387096774
B,standard,Label Propagation,0.5,7,alpha=0.5,0.8877323420074349,0.7961466973868806,0.6111607142857143,0.877021614879926,0.9334986020366332,0.6193548387096774
A,standard,Node2Vec + LogReg,0.5,7,C=0.1,0.5130111524163569,0.20729768935806298,0.015625,0.23453470199052723,0.5887231391250606,0.2656826568265683
B,standard,Node2Vec + LogReg,0.5,7,C=0.1,0.5130111524163569,0.20729768935806298,0.015625,0.23453470199052723,0.5887231391250606,0.2656826568265683
A,équilibré,MLP,0.5,7,epochs=385,0.7866171003717473,0.6209507851009946,0.4032986111111111,0.7017653887645694,0.8712079615008178,0.13793103448275862
B,équilibré,MLP,0.5,7,epochs=226,0.18810408921933086,0.09143006342757384,0.022292811355311356,0.10104272748987032,0.23122711598623333,0.0975609756097561
A,équilibré,k-NN (coords),0.5,7,"k=5,distance",0.8684014869888476,0.7696608197209254,0.6458085317460317,0.8140929624638349,0.9163770493447639,0.5285714285714286
A,équilibré,Label Propagation,0.5,7,alpha=0.5,0.8877323420074349,0.7961466973868806,0.6111607142857143,0.877021614879926,0.9334986020366332,0.6193548387096774
B,équilibré,Label Propagation,0.5,7,alpha=0.5,0.8877323420074349,0.7961466973868806,0.6111607142857143,0.877021614879926,0.9334986020366332,0.6193548387096774
A,équilibré,Node2Vec + LogReg,0.5,7,C=0.1,0.537546468401487,0.27174362453864065,0.07465277777777778,0.31024358094201815,0.6263346672586314,0.20606060606060606
B,équilibré,Node2Vec + LogReg,0.5,7,C=0.1,0.537546468401487,0.27174362453864065,0.07465277777777778,0.31024358094201815,0.6263346672586314,0.20606060606060606
A,standard,Majoritaire,0.5,8,-,0.19330855018587362,0.0032398753894080996,0.0,0.0,0.02699896157840083,0.0
A,équilibré,Majoritaire,0.5,8,-,0.19330855018587362,0.0032398753894080996,0.0,0.0,0.02699896157840083,0.0
B,standard,Majoritaire,0.5,8,-,0.19330855018587362,0.0032398753894080996,0.0,0.0,0.02699896157840083,0.0
B,équilibré,Majoritaire,0.5,8,-,0.19330855018587362,0.0032398753894080996,0.0,0.0,0.02699896157840083,0.0
A,standard,MLP,0.5,8,epochs=303,0.7754646840148699,0.5233936205106864,0.20416666666666666,0.6371576971375794,0.8618387933413317,0.42028985507246375
B,standard,MLP,0.5,8,epochs=257,0.26022304832713755,0.044732484985759165,0.010416666666666666,0.024502164502164497,0.21925048292024088,0.16129032258064516
A,standard,k-NN (coords),0.5,8,"k=5,distance",0.8617100371747212,0.733738009798609,0.5597718253968254,0.8007758267607872,0.9074883888956465,0.5285714285714286
A,standard,Label Propagation,0.5,8,alpha=0.5,0.8802973977695168,0.8037484137995904,0.6262152777777777,0.8835864246762051,0.9270885641868746,0.6136363636363636
B,standard,Label Propagation,0.5,8,alpha=0.5,0.8802973977695168,0.8037484137995904,0.6262152777777777,0.8835864246762051,0.9270885641868746,0.6136363636363636
A,standard,Node2Vec + LogReg,0.5,8,C=0.1,0.48921933085501856,0.20274835183197762,0.0,0.24229763442272162,0.5615606218527266,0.20973782771535582
B,standard,Node2Vec + LogReg,0.5,8,C=0.1,0.48921933085501856,0.20274835183197762,0.0,0.24229763442272162,0.5615606218527266,0.20973782771535582
A,équilibré,MLP,0.5,8,epochs=189,0.7434944237918215,0.5721648598403852,0.3688311688311688,0.6420667748986683,0.832106119439894,0.11494252873563218
B,équilibré,MLP,0.5,8,epochs=126,0.17397769516728626,0.054021149114797724,0.02760416666666667,0.039674815983088904,0.18252710297182628,0.14634146341463414
A,équilibré,k-NN (coords),0.5,8,"k=5,distance",0.8617100371747212,0.733738009798609,0.5597718253968254,0.8007758267607872,0.9074883888956465,0.5285714285714286
A,équilibré,Label Propagation,0.5,8,alpha=0.5,0.8802973977695168,0.8037484137995904,0.6262152777777777,0.8835864246762051,0.9270885641868746,0.6136363636363636
B,équilibré,Label Propagation,0.5,8,alpha=0.5,0.8802973977695168,0.8037484137995904,0.6262152777777777,0.8835864246762051,0.9270885641868746,0.6136363636363636
A,équilibré,Node2Vec + LogReg,0.5,8,C=0.1,0.5130111524163569,0.2682865710397217,0.03645833333333333,0.3291963058080217,0.6116360923591807,0.21656050955414013
B,équilibré,Node2Vec + LogReg,0.5,8,C=0.1,0.5130111524163569,0.2682865710397217,0.03645833333333333,0.3291963058080217,0.6116360923591807,0.21656050955414013
A,standard,Majoritaire,0.5,9,-,0.19330855018587362,0.0032398753894080996,0.0,0.0,0.02699896157840083,0.0
A,équilibré,Majoritaire,0.5,9,-,0.19330855018587362,0.0032398753894080996,0.0,0.0,0.02699896157840083,0.0
B,standard,Majoritaire,0.5,9,-,0.19330855018587362,0.0032398753894080996,0.0,0.0,0.02699896157840083,0.0
B,équilibré,Majoritaire,0.5,9,-,0.19330855018587362,0.0032398753894080996,0.0,0.0,0.02699896157840083,0.0
A,standard,MLP,0.5,9,epochs=485,0.7695167286245354,0.5020505895828268,0.16369047619047622,0.6229680209680324,0.8586435472454711,0.4
B,standard,MLP,0.5,9,epochs=246,0.2765799256505576,0.05529723659378074,0.0,0.04641401483506746,0.2307182925096691,0.20833333333333334
A,standard,k-NN (coords),0.5,9,"k=1,uniform",0.8550185873605948,0.7488982636913519,0.5792906746031746,0.8195617535182912,0.8934227318976694,0.5555555555555556
A,standard,Label Propagation,0.5,9,alpha=0.5,0.8817843866171003,0.8019399715510255,0.6085565476190475,0.8904197113607533,0.9301448043994217,0.5853658536585366
B,standard,Label Propagation,0.5,9,alpha=0.5,0.8817843866171003,0.8019399715510255,0.6085565476190475,0.8904197113607533,0.9301448043994217,0.5853658536585366
A,standard,Node2Vec + LogReg,0.5,9,C=0.1,0.49070631970260226,0.20063038572449,0.0,0.23523893781422633,0.5751463747332322,0.2231404958677686
B,standard,Node2Vec + LogReg,0.5,9,C=0.1,0.49070631970260226,0.20063038572449,0.0,0.23523893781422633,0.5751463747332322,0.2231404958677686
A,équilibré,MLP,0.5,9,epochs=393,0.7494423791821562,0.5866104876416575,0.34751984126984126,0.682545148735863,0.827486868980353,0.07058823529411765
B,équilibré,MLP,0.5,9,epochs=192,0.2,0.09070943087350773,0.014322916666666666,0.10372587948819982,0.23725669346336586,0.06060606060606061
A,équilibré,k-NN (coords),0.5,9,"k=1,uniform",0.8550185873605948,0.7488982636913519,0.5792906746031746,0.8195617535182912,0.8934227318976694,0.5555555555555556
A,équilibré,Label Propagation,0.5,9,alpha=0.5,0.8817843866171003,0.8019399715510255,0.6085565476190475,0.8904197113607533,0.9301448043994217,0.5853658536585366
B,équilibré,Label Propagation,0.5,9,alpha=0.5,0.8817843866171003,0.8019399715510255,0.6085565476190475,0.8904197113607533,0.9301448043994217,0.5853658536585366
A,équilibré,Node2Vec + LogReg,0.5,9,C=0.1,0.5241635687732342,0.27513209330055377,0.04583333333333334,0.3347150884737211,0.6216195849630223,0.17777777777777778
B,équilibré,Node2Vec + LogReg,0.5,9,C=0.1,0.5241635687732342,0.27513209330055377,0.04583333333333334,0.3347150884737211,0.6216195849630223,0.17777777777777778
